person_id,period_label,period_start,period_end,period_index,dim1,dim2,dim3,included
psp:person:346,2. pol. 2025,2025-07-01,2025-12-31,0,12.65396599971223,6.424059323791692,7.233601468412079,True
psp:person:4,2. pol. 2025,2025-07-01,2025-12-31,0,12.476582042543086,6.8932697867407295,6.041325381506461,True
psp:person:5226,2. pol. 2025,2025-07-01,2025-12-31,0,12.660260796045543,4.374260564044416,6.470170420353155,True
psp:person:5273,2. pol. 2025,2025-07-01,2025-12-31,0,9.387392988259448,0.9401667844491991,-1.5615007038215083,True
psp:person:5379,2. pol. 2025,2025-07-01,2025-12-31,0,8.251618240388137,9.386130989106915,6.322219674711636,True
psp:person:5459,2. pol. 2025,2025-07-01,2025-12-31,0,-9.971015499473122,-0.3683387829461245,-4.765901230600148,True
psp:person:5512,2. pol. 2025,2025-07-01,2025-12-31,0,-10.388362939944876,0.20948752811116697,-4.6098349003101715,True
psp:person:5700,2. pol. 2025,2025-07-01,2025-12-31,0,12.091333723073584,6.189824175726618,6.4738369980212305,True
psp:person:5899,2. pol. 2025,2025-07-01,2025-12-31,0,12.026267845553026,7.001030322011672,5.855872531961547,True
psp:person:5903,2. pol. 2025,2025-07-01,2025-12-31,0,8.988712350764025,4.862740551927683,3.1451819686653035,True
psp:person:5911,2. pol. 2025,2025-07-01,2025-12-31,0,-2.7733463271247887,2.866218012587521,-1.3458547864594055,True
psp:person:5943,2. pol. 2025,2025-07-01,2025-12-31,0,9.261042331474748,2.6072974479763054,0.5567052398605057,True
psp:person:6064,2. pol. 2025,2025-07-01,2025-12-31,0,-10.313919116721726,0.2042908792779056,-4.788721151664281,True
psp:person:6074,2. pol. 2025,2025-07-01,2025-12-31,0,11.652364724955262,5.46464878481766,6.527655686830435,True
psp:person:6105,2. pol. 2025,2025-07-01,2025-12-31,0,-10.388280867676155,0.21304095913811288,-4.609061865451819,True
psp:person:6150,2. pol. 2025,2025-07-01,2025-12-31,0,2.326739068541571,3.910068401069319,1.8059925765130502,True
psp:person:6154,2. pol. 2025,2025-07-01,2025-12-31,0,-1.1836061942069713,3.0366984211581314,-1.926843451208303,True
psp:person:6165,2. pol. 2025,2025-07-01,2025-12-31,0,-9.972752789617052,0.5720228864650972,-4.581109641163674,True
psp:person:6168,2. pol. 2025,2025-07-01,2025-12-31,0,-13.81283027363891,-3.5090342200878855,-7.0196766802474695,True
psp:person:6172,2. pol. 2025,2025-07-01,2025-12-31,0,-9.643479466248202,-0.08814551268303623,-3.8391634951135503,True
psp:person:6178,2. pol. 2025,2025-07-01,2025-12-31,0,15.86778122759893,3.2555848001110275,5.008050442621995,True
psp:person:6185,2. pol. 2025,2025-07-01,2025-12-31,0,-9.635803248143596,-0.0882028303405112,-3.835965525248832,True
psp:person:6190,2. pol. 2025,2025-07-01,2025-12-31,0,-9.709095057509693,1.0348392118203849,-4.593681169891263,True
psp:person:6201,2. pol. 2025,2025-07-01,2025-12-31,0,-10.385893534348362,0.22493368310401265,-4.629300305100951,True
psp:person:6205,2. pol. 2025,2025-07-01,2025-12-31,0,,,,False
psp:person:6209,2. pol. 2025,2025-07-01,2025-12-31,0,-9.985950880897805,0.6564604452291588,-4.224644684990137,True
psp:person:6211,2. pol. 2025,2025-07-01,2025-12-31,0,-10.398031788664142,0.209184443428679,-4.6184367300019,True
psp:person:6214,2. pol. 2025,2025-07-01,2025-12-31,0,9.674868285729753,-1.9807243469233136,6.155527478253967,True
psp:person:6215,2. pol. 2025,2025-07-01,2025-12-31,0,-9.976515664783973,0.6386330469439898,-4.2403029596850494,True
psp:person:6216,2. pol. 2025,2025-07-01,2025-12-31,0,11.325037024537007,2.88132953290283,5.516982656004933,True
psp:person:6225,2. pol. 2025,2025-07-01,2025-12-31,0,-9.968575628581094,0.6384432066170554,-4.237210809955814,True
psp:person:6240,2. pol. 2025,2025-07-01,2025-12-31,0,-10.307029865426811,0.27308491470968244,-4.820523045448319,True
psp:person:6246,2. pol. 2025,2025-07-01,2025-12-31,0,-10.393782754792642,0.20773310747551696,-4.617557028241942,True
psp:person:6254,2. pol. 2025,2025-07-01,2025-12-31,0,-10.388362939944876,0.20948752811116697,-4.6098349003101715,True
psp:person:6409,2. pol. 2025,2025-07-01,2025-12-31,0,-10.517312889372285,0.15122005947732609,-4.6121925097842755,True
psp:person:6418,2. pol. 2025,2025-07-01,2025-12-31,0,9.902208464430137,6.497487044336655,3.800463574527229,True
psp:person:6431,2. pol. 2025,2025-07-01,2025-12-31,0,-10.388362939944876,0.20948752811116697,-4.6098349003101715,True
psp:person:6433,2. pol. 2025,2025-07-01,2025-12-31,0,10.546540218720867,-10.689403673919813,-0.06611647926026912,True
psp:person:6435,2. pol. 2025,2025-07-01,2025-12-31,0,9.664794577445873,4.430008596262915,4.206692754662006,True
psp:person:6447,2. pol. 2025,2025-07-01,2025-12-31,0,-10.388362939944876,0.20948752811116697,-4.6098349003101715,True
psp:person:6451,2. pol. 2025,2025-07-01,2025-12-31,0,-9.061083018829768,0.8906251516267176,-3.5097507053103634,True
psp:person:6455,2. pol. 2025,2025-07-01,2025-12-31,0,-9.979992953443608,0.6401226624412722,-4.244440846499194,True
psp:person:6457,2. pol. 2025,2025-07-01,2025-12-31,0,-10.396625285969488,0.2094460576811402,-4.613180304764082,True
psp:person:6459,2. pol. 2025,2025-07-01,2025-12-31,0,9.796114525037611,6.304485741948327,4.709605900923687,True
psp:person:6463,2. pol. 2025,2025-07-01,2025-12-31,0,-10.108323866505176,0.5981923353536922,-4.234800650178501,True
psp:person:6466,2. pol. 2025,2025-07-01,2025-12-31,0,22.530751720649832,3.7550954487638855,16.50726293740716,True
psp:person:6467,2. pol. 2025,2025-07-01,2025-12-31,0,-10.347779991126181,0.27067123055056125,-4.60222668022341,True
psp:person:6468,2. pol. 2025,2025-07-01,2025-12-31,0,-10.517312889372285,0.15122005947732609,-4.6121925097842755,True
psp:person:6473,2. pol. 2025,2025-07-01,2025-12-31,0,14.980325662300439,-9.021331671700304,4.1369233539150505,True
psp:person:6474,2. pol. 2025,2025-07-01,2025-12-31,0,-10.388362939944876,0.20948752811116697,-4.6098349003101715,True
psp:person:6475,2. pol. 2025,2025-07-01,2025-12-31,0,-10.308456057321491,0.20064121904038143,-4.787922339176234,True
psp:person:6479,2. pol. 2025,2025-07-01,2025-12-31,0,-9.936747709358851,0.6601408730715853,-4.24967152089349,True
psp:person:6482,2. pol. 2025,2025-07-01,2025-12-31,0,-2.0187679015954814,3.1503667429922464,-0.4996028578374789,True
psp:person:6484,2. pol. 2025,2025-07-01,2025-12-31,0,-9.51060185303942,-0.03768411971289741,-3.8348954220608578,True
psp:person:6486,2. pol. 2025,2025-07-01,2025-12-31,0,10.299978839154964,6.9817879310913336,4.361581636748652,True
psp:person:6487,2. pol. 2025,2025-07-01,2025-12-31,0,-10.43771201586559,0.37547522893503454,-4.6142596344592475,True
psp:person:6490,2. pol. 2025,2025-07-01,2025-12-31,0,-10.388362939944876,0.20948752811116697,-4.6098349003101715,True
psp:person:6491,2. pol. 2025,2025-07-01,2025-12-31,0,-10.205300827685734,0.2516657422009075,-4.776685815392718,True
psp:person:6500,2. pol. 2025,2025-07-01,2025-12-31,0,-10.344790092887255,0.3135841329784496,-4.872429521887009,True
psp:person:6506,2. pol. 2025,2025-07-01,2025-12-31,0,-9.968575628581094,0.6384432066170554,-4.237210809955814,True
psp:person:6508,2. pol. 2025,2025-07-01,2025-12-31,0,-10.391987985575247,0.21033398738453465,-4.614300101302405,True
psp:person:6509,2. pol. 2025,2025-07-01,2025-12-31,0,-10.302315796567587,0.5271884472454527,-4.623216418296863,True
psp:person:6513,2. pol. 2025,2025-07-01,2025-12-31,0,13.545152678754265,0.8508472300875811,4.303456089380462,True
psp:person:6515,2. pol. 2025,2025-07-01,2025-12-31,0,-9.968575628581094,0.6384432066170554,-4.237210809955814,True
psp:person:6518,2. pol. 2025,2025-07-01,2025-12-31,0,-9.864180578749068,0.7733884699199952,-4.4048693598251125,True
psp:person:6520,2. pol. 2025,2025-07-01,2025-12-31,0,-10.401808840678298,0.19882084454972065,-4.638696535054129,True
psp:person:6523,2. pol. 2025,2025-07-01,2025-12-31,0,-10.388362939944876,0.20948752811116697,-4.6098349003101715,True
psp:person:6524,2. pol. 2025,2025-07-01,2025-12-31,0,17.3994401984057,5.4389329630032215,11.809376111414593,True
psp:person:6527,2. pol. 2025,2025-07-01,2025-12-31,0,-10.394338978293808,0.20801357619814181,-4.620586370134407,True
psp:person:6533,2. pol. 2025,2025-07-01,2025-12-31,0,-9.968575628581094,0.6384432066170554,-4.237210809955814,True
psp:person:6534,2. pol. 2025,2025-07-01,2025-12-31,0,-10.338481230955491,0.22016019815476243,-4.66520779684379,True
psp:person:6537,2. pol. 2025,2025-07-01,2025-12-31,0,19.225487879298928,8.293642520822386,10.46971281416522,True
psp:person:6538,2. pol. 2025,2025-07-01,2025-12-31,0,9.619464148790946,1.9258272279035387,2.5649867150371977,True
psp:person:6544,2. pol. 2025,2025-07-01,2025-12-31,0,-9.966071242452694,0.6241729064496945,-4.241908889442182,True
psp:person:6545,2. pol. 2025,2025-07-01,2025-12-31,0,-10.408296243909657,0.21039071351764838,-4.6342965377092025,True
psp:person:6549,2. pol. 2025,2025-07-01,2025-12-31,0,-10.400256136012464,0.2102929119770104,-4.617651533954442,True
psp:person:6552,2. pol. 2025,2025-07-01,2025-12-31,0,18.70299647027122,-10.063022608483637,6.1233641711018345,True
psp:person:6555,2. pol. 2025,2025-07-01,2025-12-31,0,7.8431782011477695,-0.8446978524793375,1.9599689041364983,True
psp:person:6603,2. pol. 2025,2025-07-01,2025-12-31,0,10.384768760860238,6.534777610493566,5.222839608716389,True
psp:person:6621,2. pol. 2025,2025-07-01,2025-12-31,0,-8.863956160806042,0.6020232529247129,-4.243441245024042,True
psp:person:6623,2. pol. 2025,2025-07-01,2025-12-31,0,-10.311480386273283,0.21949858089337793,-4.824592098630264,True
psp:person:6664,2. pol. 2025,2025-07-01,2025-12-31,0,,,,False
psp:person:6687,2. pol. 2025,2025-07-01,2025-12-31,0,10.438119145363306,5.1841691814935835,2.981449131418062,True
psp:person:6688,2. pol. 2025,2025-07-01,2025-12-31,0,-10.388362939944876,0.20948752811116697,-4.6098349003101715,True
psp:person:6693,2. pol. 2025,2025-07-01,2025-12-31,0,10.760027447579388,6.495797967198135,5.199542440035423,True
psp:person:6719,2. pol. 2025,2025-07-01,2025-12-31,0,10.761883634047363,5.991830058723747,5.735187088972009,True
psp:person:6722,2. pol. 2025,2025-07-01,2025-12-31,0,18.912512285092042,-2.6604384851100105,12.821075641773211,True
psp:person:6723,2. pol. 2025,2025-07-01,2025-12-31,0,-12.799692434829055,-2.387031216645192,-6.355245514133069,True
psp:person:6727,2. pol. 2025,2025-07-01,2025-12-31,0,12.384655619938801,6.034255378593587,6.381452139654783,True
psp:person:6730,2. pol. 2025,2025-07-01,2025-12-31,0,-9.968575628581094,0.6384432066170554,-4.237210809955814,True
psp:person:6732,2. pol. 2025,2025-07-01,2025-12-31,0,-10.274219121406803,0.32238644161662167,-4.609814664426618,True
psp:person:6738,2. pol. 2025,2025-07-01,2025-12-31,0,-10.388362939944876,0.20948752811116697,-4.6098349003101715,True
psp:person:6743,2. pol. 2025,2025-07-01,2025-12-31,0,-9.968575628581094,0.6384432066170554,-4.237210809955814,True
psp:person:6745,2. pol. 2025,2025-07-01,2025-12-31,0,-9.968575628581094,0.6384432066170554,-4.237210809955814,True
psp:person:6750,2. pol. 2025,2025-07-01,2025-12-31,0,15.220619141302924,-2.2887704954381225,11.28059858349269,True
psp:person:6751,2. pol. 2025,2025-07-01,2025-12-31,0,8.902195447647978,5.856352952159204,4.201861145555979,True
psp:person:6753,2. pol. 2025,2025-07-01,2025-12-31,0,-10.391987985575247,0.21033398738453465,-4.614300101302405,True
psp:person:6754,2. pol. 2025,2025-07-01,2025-12-31,0,6.031981883855337,4.146181365179405,0.977817210629393,True
psp:person:6755,2. pol. 2025,2025-07-01,2025-12-31,0,13.67653241291028,7.99912741651083,5.476186236225373,True
psp:person:6756,2. pol. 2025,2025-07-01,2025-12-31,0,-9.972047348406578,0.6399317339267098,-4.241343121426089,True
psp:person:6758,2. pol. 2025,2025-07-01,2025-12-31,0,-10.388362939944876,0.20948752811116697,-4.6098349003101715,True
psp:person:6762,2. pol. 2025,2025-07-01,2025-12-31,0,14.337420522953478,-2.118026343570411,8.408300064333233,True
psp:person:6763,2. pol. 2025,2025-07-01,2025-12-31,0,16.44132661955128,-2.8955161410754644,12.023746823582153,True
psp:person:6766,2. pol. 2025,2025-07-01,2025-12-31,0,11.484759079979424,-2.8108202449278354,8.1911365673161,True
psp:person:6767,2. pol. 2025,2025-07-01,2025-12-31,0,12.534390849115686,1.6223564329237148,8.552905808913751,True
psp:person:6769,2. pol. 2025,2025-07-01,2025-12-31,0,8.298352731003101,-1.1961866266571661,0.5571225012610107,True
psp:person:6770,2. pol. 2025,2025-07-01,2025-12-31,0,-10.353018983978409,0.3135987957707474,-4.875953399312233,True
psp:person:6780,2. pol. 2025,2025-07-01,2025-12-31,0,-9.002618284813188,1.0160170140632379,-3.8375521418946335,True
psp:person:6782,2. pol. 2025,2025-07-01,2025-12-31,0,-10.388362939944876,0.20948752811116697,-4.6098349003101715,True
psp:person:6783,2. pol. 2025,2025-07-01,2025-12-31,0,-10.414211077289206,0.32932737430568343,-4.574721712092652,True
psp:person:6786,2. pol. 2025,2025-07-01,2025-12-31,0,12.066670905610625,0.9723811760391737,5.552232501027262,True
psp:person:6787,2. pol. 2025,2025-07-01,2025-12-31,0,5.927960032477455,5.547602581035463,1.8404545414478473,True
psp:person:6788,2. pol. 2025,2025-07-01,2025-12-31,0,20.631025975004633,-4.400557123508293,11.708717029765568,True
psp:person:6789,2. pol. 2025,2025-07-01,2025-12-31,0,15.382931158829663,-2.8284505473944086,11.448472792386962,True
psp:person:6793,2. pol. 2025,2025-07-01,2025-12-31,0,13.3731780201997,0.22686432652526725,4.076966126059132,True
psp:person:6796,2. pol. 2025,2025-07-01,2025-12-31,0,8.701542059310182,1.001786880794732,-1.9336149132024159,True
psp:person:6803,2. pol. 2025,2025-07-01,2025-12-31,0,13.508941925888006,0.2628970564140365,7.048249128535476,True
psp:person:6804,2. pol. 2025,2025-07-01,2025-12-31,0,16.221209593677457,9.349393679597474,6.68958173875203,True
psp:person:6881,2. pol. 2025,2025-07-01,2025-12-31,0,12.064026027485598,-0.40297327181027043,1.9164847875695799,True
psp:person:6905,2. pol. 2025,2025-07-01,2025-12-31,0,17.75541542498426,-10.690801416046433,5.50185262584571,True
psp:person:6946,2. pol. 2025,2025-07-01,2025-12-31,0,-10.401808840678298,0.19882084454972065,-4.638696535054129,True
psp:person:6986,2. pol. 2025,2025-07-01,2025-12-31,0,19.651006610849187,-7.558522404900462,7.0180747394948115,True
psp:person:6987,2. pol. 2025,2025-07-01,2025-12-31,0,-10.388362939944876,0.20948752811116697,-4.6098349003101715,True
psp:person:6988,2. pol. 2025,2025-07-01,2025-12-31,0,-10.388362939944876,0.20948752811116697,-4.6098349003101715,True
psp:person:6989,2. pol. 2025,2025-07-01,2025-12-31,0,9.99686650753653,6.052622462147968,4.531793934048513,True
psp:person:6990,2. pol. 2025,2025-07-01,2025-12-31,0,-10.401845867886509,0.2166406536143917,-4.628848638062318,True
psp:person:6991,2. pol. 2025,2025-07-01,2025-12-31,0,-10.356535020722633,0.23118519456569686,-4.622295611247848,True
psp:person:6992,2. pol. 2025,2025-07-01,2025-12-31,0,13.026906131595291,0.5842894569966068,0.1364945767796926,True
psp:person:6993,2. pol. 2025,2025-07-01,2025-12-31,0,-10.393863614683475,0.2519997380174044,-4.630610127414842,True
psp:person:6994,2. pol. 2025,2025-07-01,2025-12-31,0,1.020147065472838,-1.6562615053178031,1.0290853051289357,True
psp:person:6995,2. pol. 2025,2025-07-01,2025-12-31,0,-10.388362939944876,0.20948752811116697,-4.6098349003101715,True
psp:person:6996,2. pol. 2025,2025-07-01,2025-12-31,0,-10.388362939944876,0.20948752811116697,-4.6098349003101715,True
psp:person:6997,2. pol. 2025,2025-07-01,2025-12-31,0,18.80380114623144,-3.125645114925245,12.50419836474358,True
psp:person:6998,2. pol. 2025,2025-07-01,2025-12-31,0,12.168443122815713,1.3757953777012828,2.868451852826271,True
psp:person:6999,2. pol. 2025,2025-07-01,2025-12-31,0,16.535994068050233,-9.93727155700905,5.115055664795334,True
psp:person:7000,2. pol. 2025,2025-07-01,2025-12-31,0,-10.472577714299243,0.1965469115326177,-4.678516127445501,True
psp:person:7001,2. pol. 2025,2025-07-01,2025-12-31,0,-10.388362939944876,0.20948752811116697,-4.6098349003101715,True
psp:person:7002,2. pol. 2025,2025-07-01,2025-12-31,0,22.184161556466698,3.3076358141048123,15.938631232104852,True
psp:person:7003,2. pol. 2025,2025-07-01,2025-12-31,0,15.73352781850282,-8.814296667684113,4.6863210379492335,True
psp:person:7004,2. pol. 2025,2025-07-01,2025-12-31,0,7.378712376554096,-0.6253951068780119,0.003015277542232564,True
psp:person:7005,2. pol. 2025,2025-07-01,2025-12-31,0,-10.388362939944876,0.20948752811116697,-4.6098349003101715,True
psp:person:7006,2. pol. 2025,2025-07-01,2025-12-31,0,-10.394610858654465,0.20270535962050604,-4.633356758925045,True
psp:person:7007,2. pol. 2025,2025-07-01,2025-12-31,0,-10.392958550771064,0.25369587595461,-4.63087064313214,True
psp:person:7008,2. pol. 2025,2025-07-01,2025-12-31,0,19.25487680188809,-3.9692544248788213,12.533635938408374,True
psp:person:7009,2. pol. 2025,2025-07-01,2025-12-31,0,-10.388362939944876,0.20948752811116697,-4.6098349003101715,True
psp:person:7010,2. pol. 2025,2025-07-01,2025-12-31,0,-13.430020539916416,-3.328423252867141,-6.943289915241275,True
psp:person:7011,2. pol. 2025,2025-07-01,2025-12-31,0,18.865772728222844,-5.500544172368612,10.119837659000547,True
psp:person:7012,2. pol. 2025,2025-07-01,2025-12-31,0,-10.392851542026389,0.2213106446402384,-4.6209103112592285,True
psp:person:7013,2. pol. 2025,2025-07-01,2025-12-31,0,19.349460157428357,-7.908803654214204,6.513310657485485,True
psp:person:7014,2. pol. 2025,2025-07-01,2025-12-31,0,-10.388362939944876,0.20948752811116697,-4.6098349003101715,True
psp:person:7015,2. pol. 2025,2025-07-01,2025-12-31,0,16.110661901055398,-0.9347014909887232,13.517313767725728,True
psp:person:7016,2. pol. 2025,2025-07-01,2025-12-31,0,-10.388362939944876,0.20948752811116697,-4.6098349003101715,True
psp:person:7017,2. pol. 2025,2025-07-01,2025-12-31,0,-10.388362939944876,0.20948752811116697,-4.6098349003101715,True
psp:person:7018,2. pol. 2025,2025-07-01,2025-12-31,0,10.666548902183347,-0.7491734977464144,2.915099614529959,True
psp:person:7021,2. pol. 2025,2025-07-01,2025-12-31,0,-10.396625285969488,0.2094460576811402,-4.613180304764082,True
psp:person:7022,2. pol. 2025,2025-07-01,2025-12-31,0,-10.396625285969488,0.2094460576811402,-4.613180304764082,True
psp:person:7023,2. pol. 2025,2025-07-01,2025-12-31,0,18.522685812393956,-7.669980692746242,5.717481803518044,True
psp:person:7024,2. pol. 2025,2025-07-01,2025-12-31,0,18.281596007026128,-7.521633774179953,6.020967490844815,True
psp:person:7025,2. pol. 2025,2025-07-01,2025-12-31,0,-10.344790092887255,0.3135841329784496,-4.872429521887009,True
psp:person:7026,2. pol. 2025,2025-07-01,2025-12-31,0,21.464272579833416,3.4948084762080494,15.845872162490608,True
psp:person:7027,2. pol. 2025,2025-07-01,2025-12-31,0,-10.403212802784505,0.18961471638140417,-4.6322682336183165,True
psp:person:7028,2. pol. 2025,2025-07-01,2025-12-31,0,11.287523258261889,1.6889427270535065,4.813823636931748,True
psp:person:7029,2. pol. 2025,2025-07-01,2025-12-31,0,-10.382443091400452,0.20453935803266032,-4.596743516295532,True
psp:person:7030,2. pol. 2025,2025-07-01,2025-12-31,0,16.477945471334532,-1.5776528499228386,13.47304360811589,True
psp:person:7031,2. pol. 2025,2025-07-01,2025-12-31,0,-10.388362939944876,0.20948752811116697,-4.6098349003101715,True
psp:person:7032,2. pol. 2025,2025-07-01,2025-12-31,0,11.052536811119623,-10.47608667221109,1.165901886702276,True
psp:person:7033,2. pol. 2025,2025-07-01,2025-12-31,0,-10.388362939944876,0.20948752811116697,-4.6098349003101715,True
psp:person:7034,2. pol. 2025,2025-07-01,2025-12-31,0,-10.389319721568882,0.20910564364819645,-4.613561289342423,True
psp:person:7035,2. pol. 2025,2025-07-01,2025-12-31,0,14.14548135532928,-9.141343800461996,3.3384421384552536,True
psp:person:7036,2. pol. 2025,2025-07-01,2025-12-31,0,9.993575112353493,-1.7414303341869282,0.13663335430455353,True
psp:person:7037,2. pol. 2025,2025-07-01,2025-12-31,0,-8.915392595115957,0.8632820564851801,-3.623618614311085,True
psp:person:7038,2. pol. 2025,2025-07-01,2025-12-31,0,-10.388362939944876,0.20948752811116697,-4.6098349003101715,True
psp:person:7039,2. pol. 2025,2025-07-01,2025-12-31,0,10.685632557860199,5.3148342178252,5.901384504208309,True
psp:person:7040,2. pol. 2025,2025-07-01,2025-12-31,0,-10.393218311351735,0.21473641176044958,-4.657709234112097,True
psp:person:7041,2. pol. 2025,2025-07-01,2025-12-31,0,-10.400980736816475,0.20384859240473158,-4.622896804371027,True
psp:person:7042,2. pol. 2025,2025-07-01,2025-12-31,0,15.965873085215906,-2.446915988358937,11.171035955352178,True
psp:person:7043,2. pol. 2025,2025-07-01,2025-12-31,0,12.586670647212804,5.25787770651917,3.7529743223491536,True
psp:person:7044,2. pol. 2025,2025-07-01,2025-12-31,0,17.168706494828978,-2.3758108272891874,13.082842029322629,True
psp:person:7045,2. pol. 2025,2025-07-01,2025-12-31,0,10.855658423698255,6.030699461144478,6.395083878908808,True
psp:person:7046,2. pol. 2025,2025-07-01,2025-12-31,0,15.063241563700075,-9.696312031357879,4.112554410561556,True
psp:person:7047,2. pol. 2025,2025-07-01,2025-12-31,0,2.809255970500928,3.9766768070407643,1.9561989982731547,True
psp:person:7048,2. pol. 2025,2025-07-01,2025-12-31,0,14.980325662300439,-9.021331671700304,4.1369233539150505,True
psp:person:7049,2. pol. 2025,2025-07-01,2025-12-31,0,10.327072366506822,-9.805092204620047,0.5305217184909278,True
psp:person:7050,2. pol. 2025,2025-07-01,2025-12-31,0,17.84349204044673,-2.9792641679864467,12.304172982861266,True
psp:person:7051,2. pol. 2025,2025-07-01,2025-12-31,0,11.738434364299927,-10.790300924357537,2.0625265195668177,True
psp:person:7052,2. pol. 2025,2025-07-01,2025-12-31,0,9.543055659161887,0.5126364630912191,0.5488170939776122,True
psp:person:7053,2. pol. 2025,2025-07-01,2025-12-31,0,-10.388362939944876,0.20948752811116697,-4.6098349003101715,True
psp:person:7054,2. pol. 2025,2025-07-01,2025-12-31,0,-10.388362939944876,0.20948752811116697,-4.6098349003101715,True
psp:person:7055,2. pol. 2025,2025-07-01,2025-12-31,0,12.255423697679438,1.3629504521672493,2.741713106230507,True
psp:person:7056,2. pol. 2025,2025-07-01,2025-12-31,0,-10.391987985575247,0.21033398738453465,-4.614300101302405,True
psp:person:7057,2. pol. 2025,2025-07-01,2025-12-31,0,14.528037158946963,-8.769604983125031,3.7052668237360096,True
psp:person:7058,2. pol. 2025,2025-07-01,2025-12-31,0,-10.39646211288374,0.2827905275392012,-4.649433714738373,True
psp:person:7059,2. pol. 2025,2025-07-01,2025-12-31,0,-9.107314838721704,-1.195140680598123,-5.837581513477332,True
psp:person:7060,2. pol. 2025,2025-07-01,2025-12-31,0,-10.395418719257348,0.20950581776022464,-4.615245065432445,True
psp:person:7061,2. pol. 2025,2025-07-01,2025-12-31,0,18.61477819411535,-3.5891906828360907,12.278648963319947,True
psp:person:7062,2. pol. 2025,2025-07-01,2025-12-31,0,-10.388362939944875,0.20948752811116697,-4.609834900310169,True
psp:person:7064,2. pol. 2025,2025-07-01,2025-12-31,0,-10.384592091233582,0.22134572063926142,-4.617559656658873,True
psp:person:7065,2. pol. 2025,2025-07-01,2025-12-31,0,17.243523515083165,-9.73507698180752,4.926702888655564,True
psp:person:7066,2. pol. 2025,2025-07-01,2025-12-31,0,-10.556928667547727,0.18035719490670202,-4.768977755531091,True
psp:person:7067,2. pol. 2025,2025-07-01,2025-12-31,0,-10.556928667547727,0.18035719490670202,-4.768977755531091,True
psp:person:7068,2. pol. 2025,2025-07-01,2025-12-31,0,-10.386974639278591,-0.0998217754947088,-4.994376600905069,True
psp:person:7106,2. pol. 2025,2025-07-01,2025-12-31,0,,,,False
psp:person:7108,2. pol. 2025,2025-07-01,2025-12-31,0,,,,False
psp:person:346,1. pol. 2026,2026-01-01,2026-06-30,1,20.85341926234791,10.95609677279209,1.728755512716081,True
psp:person:4,1. pol. 2026,2026-01-01,2026-06-30,1,20.37428694610937,11.274649591663986,3.9319951027718534,True
psp:person:5226,1. pol. 2026,2026-01-01,2026-06-30,1,20.41990620342332,10.305818269932097,0.3663995208257343,True
psp:person:5273,1. pol. 2026,2026-01-01,2026-06-30,1,23.138096473111755,0.33206774307629255,-2.0728294095933792,True
psp:person:5379,1. pol. 2026,2026-01-01,2026-06-30,1,21.10383266103367,8.79355034767283,0.5148081188394327,True
psp:person:5459,1. pol. 2026,2026-01-01,2026-06-30,1,-17.31788247513608,-0.8811534480207737,-1.4870231455693734,True
psp:person:5512,1. pol. 2026,2026-01-01,2026-06-30,1,-17.340314254929766,-1.877219159772131,-1.0701868090102356,True
psp:person:5700,1. pol. 2026,2026-01-01,2026-06-30,1,20.186523159660897,12.20542652627962,4.143276301573212,True
psp:person:5899,1. pol. 2026,2026-01-01,2026-06-30,1,21.372211287270275,9.03332915761606,0.5540393797138736,True
psp:person:5903,1. pol. 2026,2026-01-01,2026-06-30,1,21.10523195369396,11.020474884879986,-0.6540228796949017,True
psp:person:5911,1. pol. 2026,2026-01-01,2026-06-30,1,-16.433851037463384,-0.7477080761910921,-0.1814608371240751,True
psp:person:5943,1. pol. 2026,2026-01-01,2026-06-30,1,22.10059528163085,-0.6403872247663129,-3.5400303263915105,True
psp:person:6064,1. pol. 2026,2026-01-01,2026-06-30,1,-17.56941495854461,-1.1817916868337648,-0.6381839744724239,True
psp:person:6074,1. pol. 2026,2026-01-01,2026-06-30,1,22.549803935333085,10.26590095529918,3.776798940091135,True
psp:person:6105,1. pol. 2026,2026-01-01,2026-06-30,1,-17.21839657123705,-1.0142313358304949,-1.1270356248759563,True
psp:person:6150,1. pol. 2026,2026-01-01,2026-06-30,1,-19.9484092612581,-1.9294970621831387,-0.16525618656849583,True
psp:person:6154,1. pol. 2026,2026-01-01,2026-06-30,1,21.884488992307226,0.3418127716321737,-4.7624466797661364,True
psp:person:6165,1. pol. 2026,2026-01-01,2026-06-30,1,-17.791469745007042,-1.9036870097761882,-1.5285513358798275,True
psp:person:6168,1. pol. 2026,2026-01-01,2026-06-30,1,-17.83353300017418,-1.7421068244077464,-0.06718367195640505,True
psp:person:6172,1. pol. 2026,2026-01-01,2026-06-30,1,-18.49985100318666,-2.1566598174088822,-1.2559397349344592,True
psp:person:6178,1. pol. 2026,2026-01-01,2026-06-30,1,23.281297614059017,-2.336560212595385,-6.565201314102499,True
psp:person:6185,1. pol. 2026,2026-01-01,2026-06-30,1,-18.427738460985704,-1.3850872387067046,-0.37634612408267304,True
psp:person:6190,1. pol. 2026,2026-01-01,2026-06-30,1,-18.38274413187862,-1.6068059887119344,-1.1110650255031878,True
psp:person:6201,1. pol. 2026,2026-01-01,2026-06-30,1,-18.00174578043548,-1.0670282597307135,-0.42702535397775354,True
psp:person:6205,1. pol. 2026,2026-01-01,2026-06-30,1,22.91316094174313,0.6720499892589039,0.8336208646686541,True
psp:person:6209,1. pol. 2026,2026-01-01,2026-06-30,1,-18.34045839928156,-1.688102590324127,0.7843530987281085,True
psp:person:6211,1. pol. 2026,2026-01-01,2026-06-30,1,-18.33112986591814,-2.341151604260899,-2.420023325147304,True
psp:person:6214,1. pol. 2026,2026-01-01,2026-06-30,1,22.65731480468679,-2.3182005491581403,5.980064773812779,True
psp:person:6215,1. pol. 2026,2026-01-01,2026-06-30,1,-17.863482558673255,-1.5865517211458604,-0.6330918313513724,True
psp:person:6216,1. pol. 2026,2026-01-01,2026-06-30,1,22.27809159267106,1.8009339221175513,-2.3594707458772106,True
psp:person:6225,1. pol. 2026,2026-01-01,2026-06-30,1,-17.96471460576306,-1.1416459079276526,-0.8627215983696189,True
psp:person:6240,1. pol. 2026,2026-01-01,2026-06-30,1,-18.488765471629424,-2.3611310546976503,-0.43425143730448656,True
psp:person:6246,1. pol. 2026,2026-01-01,2026-06-30,1,-17.74896783609986,-1.7002171859397102,-2.4191986009501694,True
psp:person:6254,1. pol. 2026,2026-01-01,2026-06-30,1,-18.419552867904166,-1.302324028510407,-1.05710870241927,True
psp:person:6409,1. pol. 2026,2026-01-01,2026-06-30,1,-18.098648277576004,-1.2967801749247951,-0.9423943073902769,True
psp:person:6418,1. pol. 2026,2026-01-01,2026-06-30,1,19.920499693455625,11.244920676498255,2.2384680769774157,True
psp:person:6431,1. pol. 2026,2026-01-01,2026-06-30,1,-18.609985715671325,-0.42248651673797344,1.5215776605860103,True
psp:person:6433,1. pol. 2026,2026-01-01,2026-06-30,1,23.644986776534132,-2.847496523673815,-1.4706369077476036,True
psp:person:6435,1. pol. 2026,2026-01-01,2026-06-30,1,21.326079575351322,9.734576720258813,0.9966116910992786,True
psp:person:6447,1. pol. 2026,2026-01-01,2026-06-30,1,-18.255087669706374,-1.7658780574782829,-0.5993598231707002,True
psp:person:6451,1. pol. 2026,2026-01-01,2026-06-30,1,-18.569899811847502,-1.8592874702107334,-0.38501666655743294,True
psp:person:6455,1. pol. 2026,2026-01-01,2026-06-30,1,-17.17051122290307,-1.2633293648143245,-0.5288492008710229,True
psp:person:6457,1. pol. 2026,2026-01-01,2026-06-30,1,-17.88921041749073,-1.3650304227249406,-0.5030377655330057,True
psp:person:6459,1. pol. 2026,2026-01-01,2026-06-30,1,20.490450627529697,11.064034080938898,2.3702356128070075,True
psp:person:6463,1. pol. 2026,2026-01-01,2026-06-30,1,-18.4010607747175,-0.9493178188892741,0.44162468465242044,True
psp:person:6466,1. pol. 2026,2026-01-01,2026-06-30,1,23.774527625634764,-1.4262404519787657,5.215472188001501,True
psp:person:6467,1. pol. 2026,2026-01-01,2026-06-30,1,-18.609859450958027,-1.6501812358451218,0.12812187876190095,True
psp:person:6468,1. pol. 2026,2026-01-01,2026-06-30,1,-17.96664689247727,-1.6887272306612402,-0.795739496294998,True
psp:person:6473,1. pol. 2026,2026-01-01,2026-06-30,1,23.78577134526848,-3.531114852511231,0.5015709273680038,True
psp:person:6474,1. pol. 2026,2026-01-01,2026-06-30,1,-17.939720395083192,-1.3372238938202752,-0.7708356081582012,True
psp:person:6475,1. pol. 2026,2026-01-01,2026-06-30,1,-18.16331286091604,-1.3020095187629623,-0.82862062047612,True
psp:person:6479,1. pol. 2026,2026-01-01,2026-06-30,1,-17.257761222721047,-1.0673972876601474,-1.0491911974469803,True
psp:person:6482,1. pol. 2026,2026-01-01,2026-06-30,1,21.829719268494316,0.7568014706870978,-3.5949868965674923,True
psp:person:6484,1. pol. 2026,2026-01-01,2026-06-30,1,-18.071645922913522,-1.2837930987838904,-0.5343652041529419,True
psp:person:6486,1. pol. 2026,2026-01-01,2026-06-30,1,19.758873859153578,11.681450988207851,3.580941840053921,True
psp:person:6487,1. pol. 2026,2026-01-01,2026-06-30,1,-17.67865458286732,-1.3048653127111014,-1.8601404462143678,True
psp:person:6490,1. pol. 2026,2026-01-01,2026-06-30,1,-18.13946013494744,-1.4999215558962278,-0.6505466816398372,True
psp:person:6491,1. pol. 2026,2026-01-01,2026-06-30,1,-17.629431592130327,-2.0167920411947526,-1.5768298106536731,True
psp:person:6500,1. pol. 2026,2026-01-01,2026-06-30,1,-18.18319951514228,-1.7430772274620219,-0.48022526804310706,True
psp:person:6506,1. pol. 2026,2026-01-01,2026-06-30,1,-18.19973249128468,-1.6149638927878616,-0.1035287009985145,True
psp:person:6508,1. pol. 2026,2026-01-01,2026-06-30,1,-16.970313593098407,-1.6039558135359897,-1.7817261191979854,True
psp:person:6509,1. pol. 2026,2026-01-01,2026-06-30,1,-17.714844575398345,-0.9971539842895999,0.4595575498347882,True
psp:person:6513,1. pol. 2026,2026-01-01,2026-06-30,1,23.278693571680034,-0.8534839286864093,-2.729645224567682,True
psp:person:6515,1. pol. 2026,2026-01-01,2026-06-30,1,-18.62978857961602,-1.8845196127690755,-0.43597946379053815,True
psp:person:6518,1. pol. 2026,2026-01-01,2026-06-30,1,-18.203159594258352,-2.183910439810683,-1.1723786394878253,True
psp:person:6520,1. pol. 2026,2026-01-01,2026-06-30,1,-18.155213087791346,-1.5499642364337425,-0.5055167563824293,True
psp:person:6523,1. pol. 2026,2026-01-01,2026-06-30,1,-18.06953677343967,-1.555343129387816,-0.51184130500402,True
psp:person:6524,1. pol. 2026,2026-01-01,2026-06-30,1,21.329644051382253,-3.236264214349254,4.6269530864367825,True
psp:person:6527,1. pol. 2026,2026-01-01,2026-06-30,1,-17.420844850950473,-1.5218907561850348,-0.5920917599262189,True
psp:person:6533,1. pol. 2026,2026-01-01,2026-06-30,1,-16.625993686207135,-1.3490020868716641,-1.4309526134474935,True
psp:person:6534,1. pol. 2026,2026-01-01,2026-06-30,1,-17.858750106621596,-1.4853186709180348,-1.2293403296921215,True
psp:person:6537,1. pol. 2026,2026-01-01,2026-06-30,1,21.742236364382737,10.877327953972678,2.227556723698945,True
psp:person:6538,1. pol. 2026,2026-01-01,2026-06-30,1,22.654191782073088,11.546800283947507,1.5388163127684251,True
psp:person:6544,1. pol. 2026,2026-01-01,2026-06-30,1,-18.517933709291402,-2.2963812115908127,-1.9194778487413349,True
psp:person:6545,1. pol. 2026,2026-01-01,2026-06-30,1,-18.93709872882884,-3.304900382314631,-0.939659563013005,True
psp:person:6549,1. pol. 2026,2026-01-01,2026-06-30,1,-18.39793107214357,-2.8693457689832487,2.7329852915057513,True
psp:person:6552,1. pol. 2026,2026-01-01,2026-06-30,1,24.04934947463482,-2.7785623120767164,0.6484334224737304,True
psp:person:6555,1. pol. 2026,2026-01-01,2026-06-30,1,24.486189888731626,0.24863495514444686,-0.9418594135112257,True
psp:person:6603,1. pol. 2026,2026-01-01,2026-06-30,1,21.351064850584418,12.496896445065847,3.680183971540753,True
psp:person:6621,1. pol. 2026,2026-01-01,2026-06-30,1,-17.599778996351073,-2.510550828119571,-3.2184410074234546,True
psp:person:6623,1. pol. 2026,2026-01-01,2026-06-30,1,-16.696002089213195,-1.0736119996011793,-1.1964355461208742,True
psp:person:6664,1. pol. 2026,2026-01-01,2026-06-30,1,-15.429882976870315,-0.41073384211302894,0.9158860731797649,True
psp:person:6687,1. pol. 2026,2026-01-01,2026-06-30,1,22.87284584476698,1.6462555104567262,-1.7012695900514976,True
psp:person:6688,1. pol. 2026,2026-01-01,2026-06-30,1,-17.676386912445402,-1.1153271794328152,-0.9272088750919152,True
psp:person:6693,1. pol. 2026,2026-01-01,2026-06-30,1,21.862585523689706,10.784155753614677,1.3781974658304743,True
psp:person:6719,1. pol. 2026,2026-01-01,2026-06-30,1,21.347855264317165,10.904716184691607,2.3372620322603757,True
psp:person:6722,1. pol. 2026,2026-01-01,2026-06-30,1,22.906297116386714,-1.381847027440752,2.813613714471371,True
psp:person:6723,1. pol. 2026,2026-01-01,2026-06-30,1,-18.127890333138378,-0.6854241478996818,-0.4890275149991062,True
psp:person:6727,1. pol. 2026,2026-01-01,2026-06-30,1,20.768897174523623,11.321928794386425,-0.006435350887619197,True
psp:person:6730,1. pol. 2026,2026-01-01,2026-06-30,1,-17.742706669261203,-1.2715748106639302,-1.0317018672219458,True
psp:person:6732,1. pol. 2026,2026-01-01,2026-06-30,1,-18.32958742882608,-1.429426163065652,-0.4138306151865727,True
psp:person:6738,1. pol. 2026,2026-01-01,2026-06-30,1,-17.220515670103318,-0.972654838507547,-0.5108362138717006,True
psp:person:6743,1. pol. 2026,2026-01-01,2026-06-30,1,-17.898973693184203,-1.399965748877324,-0.9439546296384649,True
psp:person:6745,1. pol. 2026,2026-01-01,2026-06-30,1,-17.31993329998291,-1.158609139500673,-1.5976785362151633,True
psp:person:6750,1. pol. 2026,2026-01-01,2026-06-30,1,23.11590309807282,-2.383565894521854,2.2984318843464906,True
psp:person:6751,1. pol. 2026,2026-01-01,2026-06-30,1,19.200867545548657,11.404682210145133,3.0057992739899566,True
psp:person:6753,1. pol. 2026,2026-01-01,2026-06-30,1,-17.906324750881854,-1.3159738869627002,-0.7972916231194016,True
psp:person:6754,1. pol. 2026,2026-01-01,2026-06-30,1,20.522505485376566,1.487753853057189,-4.695186944520566,True
psp:person:6755,1. pol. 2026,2026-01-01,2026-06-30,1,22.235889160853365,9.80235190089442,0.706278258187849,True
psp:person:6756,1. pol. 2026,2026-01-01,2026-06-30,1,-18.050433236270372,-2.0049739605065047,-0.4967963137763899,True
psp:person:6758,1. pol. 2026,2026-01-01,2026-06-30,1,-17.78555883512829,-1.3084505703549467,-0.9668339050926407,True
psp:person:6762,1. pol. 2026,2026-01-01,2026-06-30,1,23.70192611938123,-3.0951530437838404,4.215321196191021,True
psp:person:6763,1. pol. 2026,2026-01-01,2026-06-30,1,24.136236694448133,-2.1080556552701797,3.801773544190219,True
psp:person:6766,1. pol. 2026,2026-01-01,2026-06-30,1,22.731337912662127,-2.0260156877302347,5.202063228883855,True
psp:person:6767,1. pol. 2026,2026-01-01,2026-06-30,1,22.555619822602168,-1.185999972657546,4.4270035829187675,True
psp:person:6769,1. pol. 2026,2026-01-01,2026-06-30,1,24.191711387113806,-1.8961984056993875,-3.921941026640101,True
psp:person:6770,1. pol. 2026,2026-01-01,2026-06-30,1,-18.472186680997677,-1.8876866556633547,-0.7920113766257306,True
psp:person:6780,1. pol. 2026,2026-01-01,2026-06-30,1,-18.291173478827954,-0.8420571869859205,-1.464152224292898,True
psp:person:6782,1. pol. 2026,2026-01-01,2026-06-30,1,-16.778765752343833,-1.136761669994921,-1.4854016196438593,True
psp:person:6783,1. pol. 2026,2026-01-01,2026-06-30,1,-16.962424444365897,-0.9235765948896771,0.3146953526568444,True
psp:person:6786,1. pol. 2026,2026-01-01,2026-06-30,1,23.74569326212277,-0.49701320782673347,-1.8693027945060539,True
psp:person:6787,1. pol. 2026,2026-01-01,2026-06-30,1,21.485271015013943,11.486378307044667,3.1981439694097133,True
psp:person:6788,1. pol. 2026,2026-01-01,2026-06-30,1,23.505740761014753,-1.350258568503497,4.36067028452028,True
psp:person:6789,1. pol. 2026,2026-01-01,2026-06-30,1,23.767992509697198,-1.382819036756923,4.738175661021269,True
psp:person:6793,1. pol. 2026,2026-01-01,2026-06-30,1,21.796732312872876,9.799083859441254,3.080161856400282,True
psp:person:6796,1. pol. 2026,2026-01-01,2026-06-30,1,22.878775056028218,-0.15148875313175172,-1.2719428364704952,True
psp:person:6803,1. pol. 2026,2026-01-01,2026-06-30,1,22.56118407560732,0.06537128404465443,-2.355638461078256,True
psp:person:6804,1. pol. 2026,2026-01-01,2026-06-30,1,21.10194230422986,11.24451374283094,2.0215833263834204,True
psp:person:6881,1. pol. 2026,2026-01-01,2026-06-30,1,24.176077174794084,-2.2783188166475283,-2.072443926939786,True
psp:person:6905,1. pol. 2026,2026-01-01,2026-06-30,1,24.2630872230068,-3.408524193720437,-1.706471858770918,True
psp:person:6946,1. pol. 2026,2026-01-01,2026-06-30,1,-18.38953015089285,-2.335738807461413,-0.3513678391025442,True
psp:person:6986,1. pol. 2026,2026-01-01,2026-06-30,1,23.956696358967147,-3.03210047799869,0.33087431691407554,True
psp:person:6987,1. pol. 2026,2026-01-01,2026-06-30,1,-17.494951428987868,-1.420502222954184,-0.47854110198146355,True
psp:person:6988,1. pol. 2026,2026-01-01,2026-06-30,1,-16.445135941967333,-1.273982214156023,-2.714073600158493,True
psp:person:6989,1. pol. 2026,2026-01-01,2026-06-30,1,21.543583224713846,11.20940759824209,3.7613303936823876,True
psp:person:6990,1. pol. 2026,2026-01-01,2026-06-30,1,-17.24474074955839,-2.0974084124541688,-5.230794636792641,True
psp:person:6991,1. pol. 2026,2026-01-01,2026-06-30,1,-17.527726218481373,-1.4084013389899508,-1.4974274409647716,True
psp:person:6992,1. pol. 2026,2026-01-01,2026-06-30,1,23.45110418142881,0.2301712813919963,-3.211004989351597,True
psp:person:6993,1. pol. 2026,2026-01-01,2026-06-30,1,-17.215893068572417,-1.3672223064276796,-1.1292217836715794,True
psp:person:6994,1. pol. 2026,2026-01-01,2026-06-30,1,24.230186384517005,-0.7555986136770904,-1.4144981650161295,True
psp:person:6995,1. pol. 2026,2026-01-01,2026-06-30,1,-17.706862655910165,-1.2725684010266756,-0.6358640839575915,True
psp:person:6996,1. pol. 2026,2026-01-01,2026-06-30,1,-17.61927863119686,-1.546266045779305,-1.197150227583316,True
psp:person:6997,1. pol. 2026,2026-01-01,2026-06-30,1,24.315406467302658,-1.6787073684092801,4.221536879817648,True
psp:person:6998,1. pol. 2026,2026-01-01,2026-06-30,1,22.465632599201857,-1.8112322617075332,-2.6750976767540204,True
psp:person:6999,1. pol. 2026,2026-01-01,2026-06-30,1,24.081983080203234,-3.9182659726651594,-0.48550781836277557,True
psp:person:7000,1. pol. 2026,2026-01-01,2026-06-30,1,-18.057444259707825,-1.0720351258877816,-0.785756764321274,True
psp:person:7001,1. pol. 2026,2026-01-01,2026-06-30,1,-17.400614300118878,-1.1069766365370068,-1.1048392762660761,True
psp:person:7002,1. pol. 2026,2026-01-01,2026-06-30,1,21.925857767129905,-2.5502282519487096,6.446869923473935,True
psp:person:7003,1. pol. 2026,2026-01-01,2026-06-30,1,23.365154038715374,-4.533952337427242,-0.9126082830108441,True
psp:person:7004,1. pol. 2026,2026-01-01,2026-06-30,1,24.155443525869575,-2.064454719511517,-0.8157847335667857,True
psp:person:7005,1. pol. 2026,2026-01-01,2026-06-30,1,-18.45974789980467,-1.7561014838606186,-0.7345830492639817,True
psp:person:7006,1. pol. 2026,2026-01-01,2026-06-30,1,-18.26930370479237,-2.2456596361410437,0.36005900596472046,True
psp:person:7007,1. pol. 2026,2026-01-01,2026-06-30,1,-18.06298645195414,-1.2990911437863721,-1.0712021088810904,True
psp:person:7008,1. pol. 2026,2026-01-01,2026-06-30,1,23.76102262404747,-1.691650797574311,5.301514943655285,True
psp:person:7009,1. pol. 2026,2026-01-01,2026-06-30,1,-17.932132380162894,-1.6704624980401188,-1.1722661440070303,True
psp:person:7010,1. pol. 2026,2026-01-01,2026-06-30,1,-18.614735073865333,-2.67562399922715,-0.8950801396802947,True
psp:person:7011,1. pol. 2026,2026-01-01,2026-06-30,1,24.298276478132433,-1.6221448755995946,6.227030343356705,True
psp:person:7012,1. pol. 2026,2026-01-01,2026-06-30,1,-17.85801240030441,-1.7903701210121794,-1.2626323076325532,True
psp:person:7013,1. pol. 2026,2026-01-01,2026-06-30,1,23.699406592870478,-2.1444458805725386,0.3587820967247125,True
psp:person:7014,1. pol. 2026,2026-01-01,2026-06-30,1,-17.95094641926096,-1.1199451214825153,-0.1836768693589422,True
psp:person:7015,1. pol. 2026,2026-01-01,2026-06-30,1,23.984462163507796,-1.6695448079483879,5.298242427609049,True
psp:person:7016,1. pol. 2026,2026-01-01,2026-06-30,1,-17.872346920776458,-1.5467052525645428,-0.664256095318609,True
psp:person:7017,1. pol. 2026,2026-01-01,2026-06-30,1,-18.545091781368857,-1.8345055342390055,-2.453164627371353,True
psp:person:7018,1. pol. 2026,2026-01-01,2026-06-30,1,23.720523087579966,-1.2019088544931502,-2.226202281572178,True
psp:person:7021,1. pol. 2026,2026-01-01,2026-06-30,1,-16.794498764537224,-0.6215055450503217,-1.2867417341308576,True
psp:person:7022,1. pol. 2026,2026-01-01,2026-06-30,1,-18.789400281554393,-1.6019697997129858,-0.10352258764705743,True
psp:person:7023,1. pol. 2026,2026-01-01,2026-06-30,1,23.639408022154143,-1.592631204389723,-1.087462191393635,True
psp:person:7024,1. pol. 2026,2026-01-01,2026-06-30,1,24.359234186217602,-3.403633932529074,-0.5378505943728801,True
psp:person:7025,1. pol. 2026,2026-01-01,2026-06-30,1,-18.246836198351303,-1.632648503654871,-0.7223811324816499,True
psp:person:7026,1. pol. 2026,2026-01-01,2026-06-30,1,24.11507638616448,-1.50331662420474,5.27637481191558,True
psp:person:7027,1. pol. 2026,2026-01-01,2026-06-30,1,-17.326188492843173,-0.5195555644053033,-0.44077422680207046,True
psp:person:7028,1. pol. 2026,2026-01-01,2026-06-30,1,23.49507253899515,-0.7664632837721469,-2.8235485953399997,True
psp:person:7029,1. pol. 2026,2026-01-01,2026-06-30,1,-17.70714317901734,-2.260115975109284,-1.5244435195008472,True
psp:person:7030,1. pol. 2026,2026-01-01,2026-06-30,1,22.254390124896545,-2.5248850254026,11.408108255336195,True
psp:person:7031,1. pol. 2026,2026-01-01,2026-06-30,1,-18.030339356342854,-1.6461789728928118,-0.09040260973526842,True
psp:person:7032,1. pol. 2026,2026-01-01,2026-06-30,1,24.077305093134836,-1.6138342544048945,-1.0790111803735594,True
psp:person:7033,1. pol. 2026,2026-01-01,2026-06-30,1,-17.478525356199768,-0.6926441664626801,0.6507531474042408,True
psp:person:7034,1. pol. 2026,2026-01-01,2026-06-30,1,-18.34939928677185,-1.1120759085741805,-0.1026337963743357,True
psp:person:7035,1. pol. 2026,2026-01-01,2026-06-30,1,23.474047064785534,-3.176537650398259,-0.5761756710918522,True
psp:person:7036,1. pol. 2026,2026-01-01,2026-06-30,1,22.842715874065348,-0.5291817726238086,-1.4428466676372365,True
psp:person:7037,1. pol. 2026,2026-01-01,2026-06-30,1,-17.86376379964233,-2.541405023026115,-0.18940763576564956,True
psp:person:7038,1. pol. 2026,2026-01-01,2026-06-30,1,-17.874762397398058,-1.2606014471033395,-0.6178910891622775,True
psp:person:7039,1. pol. 2026,2026-01-01,2026-06-30,1,21.308991547343773,9.029835760891453,3.0200655967470214,True
psp:person:7040,1. pol. 2026,2026-01-01,2026-06-30,1,-18.001773275524464,-1.0950869280859903,-3.1946444925232567,True
psp:person:7041,1. pol. 2026,2026-01-01,2026-06-30,1,-17.732401833803006,-1.3132237097915012,-0.22618183022202826,True
psp:person:7042,1. pol. 2026,2026-01-01,2026-06-30,1,23.606827504503126,-1.1935437980690398,6.85155630637038,True
psp:person:7043,1. pol. 2026,2026-01-01,2026-06-30,1,21.939355178592404,8.609460753422674,0.8638399553121278,True
psp:person:7044,1. pol. 2026,2026-01-01,2026-06-30,1,23.7282493898892,-2.0072737188230856,4.788975566334887,True
psp:person:7045,1. pol. 2026,2026-01-01,2026-06-30,1,20.669635109724513,10.36578886896047,0.4571992389676664,True
psp:person:7046,1. pol. 2026,2026-01-01,2026-06-30,1,22.940828853480408,-2.7980896435328426,-2.2056103950357704,True
psp:person:7047,1. pol. 2026,2026-01-01,2026-06-30,1,-15.552168012990942,-0.07246926056777975,-7.061672201309995,True
psp:person:7048,1. pol. 2026,2026-01-01,2026-06-30,1,23.533731064351446,-3.552295296043115,-0.9281896559286233,True
psp:person:7049,1. pol. 2026,2026-01-01,2026-06-30,1,23.044825002963755,-5.036562735783787,-2.7056314088345967,True
psp:person:7050,1. pol. 2026,2026-01-01,2026-06-30,1,23.107258164029147,-2.921690149309537,7.964269776285358,True
psp:person:7051,1. pol. 2026,2026-01-01,2026-06-30,1,23.75660456793648,-2.6911132760029917,0.9138719809943253,True
psp:person:7052,1. pol. 2026,2026-01-01,2026-06-30,1,24.10939416273231,-1.7008975143441991,-2.7138118922390726,True
psp:person:7053,1. pol. 2026,2026-01-01,2026-06-30,1,-16.668983396490788,-0.8846495100233924,-1.965790797388941,True
psp:person:7054,1. pol. 2026,2026-01-01,2026-06-30,1,-17.826816442545002,-1.4717061998088965,0.09222903127731413,True
psp:person:7055,1. pol. 2026,2026-01-01,2026-06-30,1,23.578945908808834,-1.460472496975107,-5.542942413044024,True
psp:person:7056,1. pol. 2026,2026-01-01,2026-06-30,1,-18.089926511379602,-2.0189893134886465,-0.5651727920572109,True
psp:person:7057,1. pol. 2026,2026-01-01,2026-06-30,1,24.031339225193502,-1.674595973929058,2.0330251704148234,True
psp:person:7058,1. pol. 2026,2026-01-01,2026-06-30,1,-17.610215548038525,-1.514806650442871,-1.103878432765418,True
psp:person:7059,1. pol. 2026,2026-01-01,2026-06-30,1,-18.44211566326218,-1.539198113160458,0.3261495741955903,True
psp:person:7060,1. pol. 2026,2026-01-01,2026-06-30,1,-17.21832138700533,-1.101051393595573,-1.296928962959417,True
psp:person:7061,1. pol. 2026,2026-01-01,2026-06-30,1,23.93387810755559,-2.1945362844668845,5.419187328504681,True
psp:person:7062,1. pol. 2026,2026-01-01,2026-06-30,1,-18.29555385599731,-1.885378143782208,-0.5959055068539013,True
psp:person:7064,1. pol. 2026,2026-01-01,2026-06-30,1,-16.94134269962081,-1.211223498445413,-0.30070760061916285,True
psp:person:7065,1. pol. 2026,2026-01-01,2026-06-30,1,23.889218690002675,-1.8290743899764577,-1.119075339186246,True
psp:person:7066,1. pol. 2026,2026-01-01,2026-06-30,1,-17.3915685001011,-1.0981435583316526,-1.0213906728445583,True
psp:person:7067,1. pol. 2026,2026-01-01,2026-06-30,1,-18.00920224674071,-1.2488100595988463,-0.5430619208926314,True
psp:person:7068,1. pol. 2026,2026-01-01,2026-06-30,1,-18.1677218475908,-1.523316701673005,-0.7733022109981816,True
psp:person:7106,1. pol. 2026,2026-01-01,2026-06-30,1,-16.04770492650321,3.529735068625235,8.040610991897102,True
psp:person:7108,1. pol. 2026,2026-01-01,2026-06-30,1,-16.373960538674268,4.749739865335555,11.027642720991805,True
psp:person:346,2. pol. 2026,2026-07-01,2026-12-31,2,15.909093004722452,10.548879039456937,5.438166407585047,True
psp:person:4,2. pol. 2026,2026-07-01,2026-12-31,2,13.914205104647737,9.408256716893062,0.08762418483267682,True
psp:person:5226,2. pol. 2026,2026-07-01,2026-12-31,2,10.739667382025475,10.437248371537322,6.195085432373826,True
psp:person:5273,2. pol. 2026,2026-07-01,2026-12-31,2,21.797348396057455,-3.998572844149568,11.372952976303397,True
psp:person:5379,2. pol. 2026,2026-07-01,2026-12-31,2,15.841401273956057,10.722228117462901,4.778005423873459,True
psp:person:5459,2. pol. 2026,2026-07-01,2026-12-31,2,-15.634120525705448,-2.7297158605192293,-5.32413043723648,True
psp:person:5512,2. pol. 2026,2026-07-01,2026-12-31,2,-14.580101750098056,2.704561366988727,-4.054589907440182,True
psp:person:5700,2. pol. 2026,2026-07-01,2026-12-31,2,15.794500932252479,10.953677139540067,5.6761700642062225,True
psp:person:5899,2. pol. 2026,2026-07-01,2026-12-31,2,15.89663847350979,9.684543595841983,6.777510234573933,True
psp:person:5903,2. pol. 2026,2026-07-01,2026-12-31,2,14.334105416871422,10.624116716923016,4.634552312546802,True
psp:person:5911,2. pol. 2026,2026-07-01,2026-12-31,2,-14.695140629621768,3.9303112681621633,-3.9816568976738775,True
psp:person:5943,2. pol. 2026,2026-07-01,2026-12-31,2,19.782503537278554,-5.207271600924158,9.77114441078796,True
psp:person:6064,2. pol. 2026,2026-07-01,2026-12-31,2,-16.675298092296266,-2.4241216361909426,-6.674900264332667,True
psp:person:6074,2. pol. 2026,2026-07-01,2026-12-31,2,16.535080345561394,11.025120704386536,6.5265701297829715,True
psp:person:6105,2. pol. 2026,2026-07-01,2026-12-31,2,-14.322534891034852,2.7469497967618235,-4.472768497833148,True
psp:person:6150,2. pol. 2026,2026-07-01,2026-12-31,2,-15.22892508762341,5.251276056507359,-2.222258406134716,True
psp:person:6154,2. pol. 2026,2026-07-01,2026-12-31,2,21.30497620579448,-5.2284332359429015,12.203900806805287,True
psp:person:6165,2. pol. 2026,2026-07-01,2026-12-31,2,-14.766956219244284,2.3379276175198407,-4.523924883980565,True
psp:person:6168,2. pol. 2026,2026-07-01,2026-12-31,2,-16.332508079647106,-2.6540491910570663,-3.4876938248268967,True
psp:person:6172,2. pol. 2026,2026-07-01,2026-12-31,2,-15.962096730039589,4.419466918119826,-4.2919457791382785,True
psp:person:6178,2. pol. 2026,2026-07-01,2026-12-31,2,19.340131132752383,-6.623520116830049,9.219758395775138,True
psp:person:6185,2. pol. 2026,2026-07-01,2026-12-31,2,-15.478133846554247,-2.1249042566885294,-4.853522957124764,True
psp:person:6190,2. pol. 2026,2026-07-01,2026-12-31,2,-16.740627303173195,-3.1633365287940625,-5.092584664660702,True
psp:person:6201,2. pol. 2026,2026-07-01,2026-12-31,2,-15.003524342294002,2.4311246875699632,-4.564022493782325,True
psp:person:6205,2. pol. 2026,2026-07-01,2026-12-31,2,21.829975782660963,1.8889877835004991,8.794077972472728,True
psp:person:6209,2. pol. 2026,2026-07-01,2026-12-31,2,-14.926764556673112,2.292449663342978,-4.648474220482564,True
psp:person:6211,2. pol. 2026,2026-07-01,2026-12-31,2,-14.798695948109852,3.7073574396697637,-4.1017893692623355,True
psp:person:6214,2. pol. 2026,2026-07-01,2026-12-31,2,20.65464351024368,-8.005306665193922,0.9386442147440688,True
psp:person:6215,2. pol. 2026,2026-07-01,2026-12-31,2,-14.958003446521456,2.4991583044791064,-4.438612080608317,True
psp:person:6216,2. pol. 2026,2026-07-01,2026-12-31,2,19.265145687571277,-4.414285763462459,11.147766072601108,True
psp:person:6225,2. pol. 2026,2026-07-01,2026-12-31,2,-17.086679261862933,-3.10269490867898,-5.831742507841711,True
psp:person:6240,2. pol. 2026,2026-07-01,2026-12-31,2,-16.038820270903113,-4.219253009977961,-4.2182031433467095,True
psp:person:6246,2. pol. 2026,2026-07-01,2026-12-31,2,,,,False
psp:person:6254,2. pol. 2026,2026-07-01,2026-12-31,2,-15.150643273692284,2.6323350885711188,-4.345767975591264,True
psp:person:6409,2. pol. 2026,2026-07-01,2026-12-31,2,-15.092978031176617,2.4151271328188613,-4.387196780349696,True
psp:person:6418,2. pol. 2026,2026-07-01,2026-12-31,2,14.47692005761075,9.968415245898562,5.949891642318444,True
psp:person:6431,2. pol. 2026,2026-07-01,2026-12-31,2,-14.841289569044218,3.457772094520894,-4.677271530180456,True
psp:person:6433,2. pol. 2026,2026-07-01,2026-12-31,2,21.48975248191852,-13.215046311499975,9.047078841186774,True
psp:person:6435,2. pol. 2026,2026-07-01,2026-12-31,2,16.744118831276992,8.108455453642964,5.406701617841331,True
psp:person:6447,2. pol. 2026,2026-07-01,2026-12-31,2,-15.252211351951757,2.4624925166567024,-4.402215395510643,True
psp:person:6451,2. pol. 2026,2026-07-01,2026-12-31,2,-15.74939559105926,4.119101271579946,-4.344543942663642,True
psp:person:6455,2. pol. 2026,2026-07-01,2026-12-31,2,-15.527515534348868,2.0554092493161136,-3.9353991806618076,True
psp:person:6457,2. pol. 2026,2026-07-01,2026-12-31,2,-14.777595544199558,1.9765476206454569,-4.38005927985514,True
psp:person:6459,2. pol. 2026,2026-07-01,2026-12-31,2,12.256645775983536,8.538042599535771,1.4633019634562399,True
psp:person:6463,2. pol. 2026,2026-07-01,2026-12-31,2,-15.336358839839404,2.609707043600198,-4.457712870283723,True
psp:person:6466,2. pol. 2026,2026-07-01,2026-12-31,2,19.428925287703013,-10.241182127603595,-1.79657702409498,True
psp:person:6467,2. pol. 2026,2026-07-01,2026-12-31,2,-14.692910725938273,3.9057735203024926,-4.844044892184606,True
psp:person:6468,2. pol. 2026,2026-07-01,2026-12-31,2,-14.850251914610952,2.180095005186957,-4.11210522139327,True
psp:person:6473,2. pol. 2026,2026-07-01,2026-12-31,2,21.279806908095566,-8.449205359824829,6.237982424102931,True
psp:person:6474,2. pol. 2026,2026-07-01,2026-12-31,2,-15.011844306120226,2.359279874919944,-4.450390947594052,True
psp:person:6475,2. pol. 2026,2026-07-01,2026-12-31,2,-14.973803819851971,2.2981284947874077,-4.716748238926762,True
psp:person:6479,2. pol. 2026,2026-07-01,2026-12-31,2,-14.844088557204419,2.520877836386954,-4.512574053690325,True
psp:person:6482,2. pol. 2026,2026-07-01,2026-12-31,2,22.85241976970706,6.4441463923340585,12.036893233901463,True
psp:person:6484,2. pol. 2026,2026-07-01,2026-12-31,2,-14.994519566155546,2.5340009368072556,-4.035146727751565,True
psp:person:6486,2. pol. 2026,2026-07-01,2026-12-31,2,14.104746846138399,9.7304079113453,0.24353812317868714,True
psp:person:6487,2. pol. 2026,2026-07-01,2026-12-31,2,-14.829818026475595,3.078289322211222,-4.276908910781157,True
psp:person:6490,2. pol. 2026,2026-07-01,2026-12-31,2,-15.123214660784368,2.4196779121266307,-4.354735378363298,True
psp:person:6491,2. pol. 2026,2026-07-01,2026-12-31,2,-14.63683336905928,2.8870841510941005,-3.827191548896698,True
psp:person:6500,2. pol. 2026,2026-07-01,2026-12-31,2,-16.331677252661027,-2.911585123447538,-4.671143895013676,True
psp:person:6506,2. pol. 2026,2026-07-01,2026-12-31,2,-15.177317547721737,2.32549233301307,-4.329723144232158,True
psp:person:6508,2. pol. 2026,2026-07-01,2026-12-31,2,-16.5046876447812,-3.3997700104021065,-2.1527066835788906,True
psp:person:6509,2. pol. 2026,2026-07-01,2026-12-31,2,-16.20984354851033,-2.7074084772877516,-4.616038149008459,True
psp:person:6513,2. pol. 2026,2026-07-01,2026-12-31,2,20.080400337802896,-6.502248875868891,12.810649114090035,True
psp:person:6515,2. pol. 2026,2026-07-01,2026-12-31,2,-15.174449781014035,2.4716446183110548,-4.352571429408099,True
psp:person:6518,2. pol. 2026,2026-07-01,2026-12-31,2,-15.318469156844174,2.4857874238455775,-4.568959940050947,True
psp:person:6520,2. pol. 2026,2026-07-01,2026-12-31,2,-14.733357272477093,2.3526939917907477,-4.09725760597867,True
psp:person:6523,2. pol. 2026,2026-07-01,2026-12-31,2,-15.551948394672557,2.412428769326337,-3.9926370206963764,True
psp:person:6524,2. pol. 2026,2026-07-01,2026-12-31,2,21.997919323390068,-9.73975309086944,1.386285979035139,True
psp:person:6527,2. pol. 2026,2026-07-01,2026-12-31,2,-15.52782357326672,2.4360404179382944,-4.240516698986064,True
psp:person:6533,2. pol. 2026,2026-07-01,2026-12-31,2,-14.709077120244544,2.5251777005748086,-4.881656763823751,True
psp:person:6534,2. pol. 2026,2026-07-01,2026-12-31,2,-15.28417465238195,2.492833494925722,-4.588388918174805,True
psp:person:6537,2. pol. 2026,2026-07-01,2026-12-31,2,13.352825942572574,10.655187994840727,4.009153220332099,True
psp:person:6538,2. pol. 2026,2026-07-01,2026-12-31,2,19.69682948651076,10.634704932374575,2.8668630095469214,True
psp:person:6544,2. pol. 2026,2026-07-01,2026-12-31,2,-15.408412602606527,4.54163116685617,-3.7475809299233918,True
psp:person:6545,2. pol. 2026,2026-07-01,2026-12-31,2,-15.032968821967176,-2.8351196031364267,-4.066964454660143,True
psp:person:6549,2. pol. 2026,2026-07-01,2026-12-31,2,-14.219087117289554,4.030874187085211,-4.300052398735611,True
psp:person:6552,2. pol. 2026,2026-07-01,2026-12-31,2,19.063782791483515,-6.583534433727914,7.168949292570384,True
psp:person:6555,2. pol. 2026,2026-07-01,2026-12-31,2,20.837531241345037,-5.265682551420022,11.401062677839846,True
psp:person:6603,2. pol. 2026,2026-07-01,2026-12-31,2,10.686145859485038,10.261975589162319,5.4140750520842404,True
psp:person:6621,2. pol. 2026,2026-07-01,2026-12-31,2,-15.27821995187862,2.752735756048567,-4.660787943815766,True
psp:person:6623,2. pol. 2026,2026-07-01,2026-12-31,2,-13.59526138641025,2.465599892232662,-4.245532716340279,True
psp:person:6664,2. pol. 2026,2026-07-01,2026-12-31,2,-13.947370741704717,3.734329282386044,-4.590803520061792,True
psp:person:6687,2. pol. 2026,2026-07-01,2026-12-31,2,21.644983428152525,-3.623800409165915,11.106706390790876,True
psp:person:6688,2. pol. 2026,2026-07-01,2026-12-31,2,-15.007047523689229,2.2200392137110097,-4.179332322136433,True
psp:person:6693,2. pol. 2026,2026-07-01,2026-12-31,2,15.445669473415556,9.914069158226683,5.564222581093176,True
psp:person:6719,2. pol. 2026,2026-07-01,2026-12-31,2,20.694500232556667,11.217929917411997,4.479100622568958,True
psp:person:6722,2. pol. 2026,2026-07-01,2026-12-31,2,20.21582405597525,-7.715958368025561,-1.0081998477466838,True
psp:person:6723,2. pol. 2026,2026-07-01,2026-12-31,2,-15.17073783239854,2.62688971477596,-4.603770321095176,True
psp:person:6727,2. pol. 2026,2026-07-01,2026-12-31,2,20.382821620775093,11.449459892297506,10.980416901641526,True
psp:person:6730,2. pol. 2026,2026-07-01,2026-12-31,2,-14.880870311381898,3.5815111841483986,-4.654316189700067,True
psp:person:6732,2. pol. 2026,2026-07-01,2026-12-31,2,-15.104732161319468,2.456573223838493,-4.595606605760907,True
psp:person:6738,2. pol. 2026,2026-07-01,2026-12-31,2,-15.553874521768279,3.915191436137434,-3.985584156920964,True
psp:person:6743,2. pol. 2026,2026-07-01,2026-12-31,2,-15.235247201622633,2.3222541973423874,-4.392109289470078,True
psp:person:6745,2. pol. 2026,2026-07-01,2026-12-31,2,-14.720687819980014,2.485563350451319,-4.381316366523668,True
psp:person:6750,2. pol. 2026,2026-07-01,2026-12-31,2,16.066689471865807,-10.078729156875445,-3.231769883390089,True
psp:person:6751,2. pol. 2026,2026-07-01,2026-12-31,2,14.394956514303281,10.448475574166794,5.030942399772373,True
psp:person:6753,2. pol. 2026,2026-07-01,2026-12-31,2,-15.015318732082577,2.215562007694106,-4.4409415975475195,True
psp:person:6754,2. pol. 2026,2026-07-01,2026-12-31,2,23.35458753726837,-9.330350469976516,11.310983372738688,True
psp:person:6755,2. pol. 2026,2026-07-01,2026-12-31,2,12.052514712939848,8.967875520664297,5.852445805505507,True
psp:person:6756,2. pol. 2026,2026-07-01,2026-12-31,2,-14.681507438592304,2.173834094020655,-4.629224747495931,True
psp:person:6758,2. pol. 2026,2026-07-01,2026-12-31,2,-15.194965744030549,2.4664725862228347,-4.411722420381749,True
psp:person:6762,2. pol. 2026,2026-07-01,2026-12-31,2,19.456497639170696,-9.861041431657496,-1.4236345446287393,True
psp:person:6763,2. pol. 2026,2026-07-01,2026-12-31,2,21.189817279107015,-8.54699953543991,-2.0698063629532846,True
psp:person:6766,2. pol. 2026,2026-07-01,2026-12-31,2,21.148425027454042,-8.826983927197324,-0.6501453224535335,True
psp:person:6767,2. pol. 2026,2026-07-01,2026-12-31,2,17.640096558831683,-9.20842711697998,0.247004751657605,True
psp:person:6769,2. pol. 2026,2026-07-01,2026-12-31,2,20.944776629585636,-6.672846286386591,10.439791075296489,True
psp:person:6770,2. pol. 2026,2026-07-01,2026-12-31,2,-15.155243780038008,2.437321999651345,-4.5675122430760995,True
psp:person:6780,2. pol. 2026,2026-07-01,2026-12-31,2,-14.651614699623567,2.401927157552352,-4.495917264719041,True
psp:person:6782,2. pol. 2026,2026-07-01,2026-12-31,2,-15.141074834631075,2.4951344476084074,-4.36593759422647,True
psp:person:6783,2. pol. 2026,2026-07-01,2026-12-31,2,-14.55077369634472,2.7312837843215005,-4.607213591804327,True
psp:person:6786,2. pol. 2026,2026-07-01,2026-12-31,2,19.720072471245842,-5.045171142271293,12.405024362899823,True
psp:person:6787,2. pol. 2026,2026-07-01,2026-12-31,2,16.107239831950558,9.630309622614423,1.3672183735382513,True
psp:person:6788,2. pol. 2026,2026-07-01,2026-12-31,2,20.853554123111465,-8.710485558350998,-2.137855789448417,True
psp:person:6789,2. pol. 2026,2026-07-01,2026-12-31,2,20.48040398824868,-8.609497775524883,-2.3307220010835645,True
psp:person:6793,2. pol. 2026,2026-07-01,2026-12-31,2,15.217626090574194,8.503682611754991,4.560640757651583,True
psp:person:6796,2. pol. 2026,2026-07-01,2026-12-31,2,23.10297413140781,-8.829210567894336,10.38259057317808,True
psp:person:6803,2. pol. 2026,2026-07-01,2026-12-31,2,19.163095545802488,-5.969327598985535,9.22846058914191,True
psp:person:6804,2. pol. 2026,2026-07-01,2026-12-31,2,20.74508068369872,11.635951398800458,3.753268130148066,True
psp:person:6881,2. pol. 2026,2026-07-01,2026-12-31,2,21.161628050837997,-7.194583345018617,10.384831903668863,True
psp:person:6905,2. pol. 2026,2026-07-01,2026-12-31,2,23.339338759650705,-10.403833679254797,7.766970489762794,True
psp:person:6946,2. pol. 2026,2026-07-01,2026-12-31,2,-14.23974608002812,-2.897798048305786,-4.507291596455157,True
psp:person:6986,2. pol. 2026,2026-07-01,2026-12-31,2,19.314139822492972,-9.999215410206894,7.1753987935818415,True
psp:person:6987,2. pol. 2026,2026-07-01,2026-12-31,2,-15.132050859155505,-2.4548501387114117,-4.025781546264355,True
psp:person:6988,2. pol. 2026,2026-07-01,2026-12-31,2,-15.151220910849256,2.562437328423135,-4.317208013572594,True
psp:person:6989,2. pol. 2026,2026-07-01,2026-12-31,2,13.726949438884972,10.658198335795925,5.352194033598767,True
psp:person:6990,2. pol. 2026,2026-07-01,2026-12-31,2,,,,False
psp:person:6991,2. pol. 2026,2026-07-01,2026-12-31,2,-15.150772166344476,2.4680125156242245,-4.443446534929623,True
psp:person:6992,2. pol. 2026,2026-07-01,2026-12-31,2,22.43081241329733,-4.755363547697366,11.400514138426033,True
psp:person:6993,2. pol. 2026,2026-07-01,2026-12-31,2,-14.978887371777539,2.4195657920642386,-4.351954213977037,True
psp:person:6994,2. pol. 2026,2026-07-01,2026-12-31,2,20.637317949546443,-7.050687961287161,11.269255742587859,True
psp:person:6995,2. pol. 2026,2026-07-01,2026-12-31,2,-15.072538241349875,2.439932702620365,-4.303704410174248,True
psp:person:6996,2. pol. 2026,2026-07-01,2026-12-31,2,-14.763594841378382,4.189575263697637,-3.004010423219299,True
psp:person:6997,2. pol. 2026,2026-07-01,2026-12-31,2,20.774841060820258,-9.035947806892471,-1.9249603508630326,True
psp:person:6998,2. pol. 2026,2026-07-01,2026-12-31,2,18.469211116169255,-4.381785740082188,8.098645238400449,True
psp:person:6999,2. pol. 2026,2026-07-01,2026-12-31,2,21.25714439563968,-9.522856946738628,7.916049825744699,True
psp:person:7000,2. pol. 2026,2026-07-01,2026-12-31,2,-14.945821202108814,3.114215518573666,-4.909837398044936,True
psp:person:7001,2. pol. 2026,2026-07-01,2026-12-31,2,-15.037729576361743,2.5164965605547427,-4.498715488140598,True
psp:person:7002,2. pol. 2026,2026-07-01,2026-12-31,2,20.905073142226602,-8.548974299975756,-2.9363010082469807,True
psp:person:7003,2. pol. 2026,2026-07-01,2026-12-31,2,20.134977657133675,-2.9820813518338234,1.206766862479196,True
psp:person:7004,2. pol. 2026,2026-07-01,2026-12-31,2,19.89501846807453,-11.281402629143823,12.45039266528308,True
psp:person:7005,2. pol. 2026,2026-07-01,2026-12-31,2,-15.14473621004094,2.4833474346957676,-4.395554992784476,True
psp:person:7006,2. pol. 2026,2026-07-01,2026-12-31,2,-14.46220104865423,2.4387026538748837,-4.493025375582786,True
psp:person:7007,2. pol. 2026,2026-07-01,2026-12-31,2,-15.581164886806603,-2.2659940221845667,-4.817708909303476,True
psp:person:7008,2. pol. 2026,2026-07-01,2026-12-31,2,20.878051216929542,-8.735894043494577,-1.1316673146736957,True
psp:person:7009,2. pol. 2026,2026-07-01,2026-12-31,2,-14.725691311132802,1.7474379337377264,-3.9690597303293242,True
psp:person:7010,2. pol. 2026,2026-07-01,2026-12-31,2,-14.569722499000552,2.7560708699254324,-4.398201412388809,True
psp:person:7011,2. pol. 2026,2026-07-01,2026-12-31,2,19.888540160562723,-8.186032946237013,-4.179279845895511,True
psp:person:7012,2. pol. 2026,2026-07-01,2026-12-31,2,-15.017520074024162,2.4476413908203125,-4.2870729589220025,True
psp:person:7013,2. pol. 2026,2026-07-01,2026-12-31,2,20.708773341996036,-8.115250512206092,6.699203039186828,True
psp:person:7014,2. pol. 2026,2026-07-01,2026-12-31,2,-14.976257185888453,2.2536727703059523,-4.265636015241285,True
psp:person:7015,2. pol. 2026,2026-07-01,2026-12-31,2,20.701166546817483,-8.260549390125812,-1.9641683606802993,True
psp:person:7016,2. pol. 2026,2026-07-01,2026-12-31,2,-16.24690704655742,-1.8969989090397867,-5.35963859855069,True
psp:person:7017,2. pol. 2026,2026-07-01,2026-12-31,2,,,,False
psp:person:7018,2. pol. 2026,2026-07-01,2026-12-31,2,19.2678072102887,-8.185726146842475,10.466482796075313,True
psp:person:7021,2. pol. 2026,2026-07-01,2026-12-31,2,-14.870251516335996,2.446493842317429,-4.350775852739739,True
psp:person:7022,2. pol. 2026,2026-07-01,2026-12-31,2,-16.153718473061808,-3.525785283951078,-4.752275974982824,True
psp:person:7023,2. pol. 2026,2026-07-01,2026-12-31,2,21.790596196963048,-8.279175115524541,7.029239412000647,True
psp:person:7024,2. pol. 2026,2026-07-01,2026-12-31,2,21.83991507289315,-10.960784248136084,8.005275286133498,True
psp:person:7025,2. pol. 2026,2026-07-01,2026-12-31,2,-15.180044569285537,2.4617639702784557,-4.369086701022927,True
psp:person:7026,2. pol. 2026,2026-07-01,2026-12-31,2,19.90486553137745,-8.818675288235351,-3.262178330417828,True
psp:person:7027,2. pol. 2026,2026-07-01,2026-12-31,2,-14.559857905859891,1.9373940860876182,-4.285039062276379,True
psp:person:7028,2. pol. 2026,2026-07-01,2026-12-31,2,20.45615109759912,-6.519004930807444,9.710769387924891,True
psp:person:7029,2. pol. 2026,2026-07-01,2026-12-31,2,-15.284193980358086,2.5594405248267385,-3.9852704184710124,True
psp:person:7030,2. pol. 2026,2026-07-01,2026-12-31,2,20.207513033296088,-9.009304132290685,-3.288589823791719,True
psp:person:7031,2. pol. 2026,2026-07-01,2026-12-31,2,-15.026510167276482,2.485537876210687,-4.522922684769834,True
psp:person:7032,2. pol. 2026,2026-07-01,2026-12-31,2,22.428633150393456,-7.757007013254683,8.185403971472244,True
psp:person:7033,2. pol. 2026,2026-07-01,2026-12-31,2,-14.814259632527392,2.4728707801573973,-4.480347655342537,True
psp:person:7034,2. pol. 2026,2026-07-01,2026-12-31,2,-17.34301942392674,-4.208107428759134,-6.579880166955635,True
psp:person:7035,2. pol. 2026,2026-07-01,2026-12-31,2,21.728144719856026,-7.029201403941583,7.110425240906937,True
psp:person:7036,2. pol. 2026,2026-07-01,2026-12-31,2,19.29651353322033,-5.580843005365339,9.966871068822892,True
psp:person:7037,2. pol. 2026,2026-07-01,2026-12-31,2,-16.465342474981394,-4.6924437214933,-5.86727042029304,True
psp:person:7038,2. pol. 2026,2026-07-01,2026-12-31,2,-14.88574482013859,2.5826708158936826,-4.329855715275171,True
psp:person:7039,2. pol. 2026,2026-07-01,2026-12-31,2,14.461530382169778,10.383887958480189,5.426954978080632,True
psp:person:7040,2. pol. 2026,2026-07-01,2026-12-31,2,-14.49738216978219,3.6886006881474285,-4.530868777013461,True
psp:person:7041,2. pol. 2026,2026-07-01,2026-12-31,2,-15.065010831315183,2.6907175102605314,-4.150933005314476,True
psp:person:7042,2. pol. 2026,2026-07-01,2026-12-31,2,17.627809908981405,-9.08896591696057,-5.505601932236755,True
psp:person:7043,2. pol. 2026,2026-07-01,2026-12-31,2,16.758445897940163,9.125503004271623,5.4018088048571435,True
psp:person:7044,2. pol. 2026,2026-07-01,2026-12-31,2,19.798508836299256,-10.362160759294404,-1.2087303450063804,True
psp:person:7045,2. pol. 2026,2026-07-01,2026-12-31,2,16.111663495969218,9.267747077316885,5.13823859184915,True
psp:person:7046,2. pol. 2026,2026-07-01,2026-12-31,2,21.252461755766287,-10.065260932894017,7.893549214676548,True
psp:person:7047,2. pol. 2026,2026-07-01,2026-12-31,2,,,,False
psp:person:7048,2. pol. 2026,2026-07-01,2026-12-31,2,20.75334063235121,-11.011837081941446,6.076008564204466,True
psp:person:7049,2. pol. 2026,2026-07-01,2026-12-31,2,20.853958717482165,-8.563196749300324,5.571013202259578,True
psp:person:7050,2. pol. 2026,2026-07-01,2026-12-31,2,20.7234529028176,-8.589141429130832,-1.6920961325599049,True
psp:person:7051,2. pol. 2026,2026-07-01,2026-12-31,2,23.18291073258645,-10.899215660775631,8.670527671906083,True
psp:person:7052,2. pol. 2026,2026-07-01,2026-12-31,2,20.910430438749742,2.2097529605324215,11.978103206689521,True
psp:person:7053,2. pol. 2026,2026-07-01,2026-12-31,2,-14.999226049450693,2.298532400202269,-4.526277590786728,True
psp:person:7054,2. pol. 2026,2026-07-01,2026-12-31,2,-14.957280904369096,2.550843564773539,-4.448680481794458,True
psp:person:7055,2. pol. 2026,2026-07-01,2026-12-31,2,21.046024131879832,-6.318061098448942,11.407114084502485,True
psp:person:7056,2. pol. 2026,2026-07-01,2026-12-31,2,-15.11418703081473,2.0020162310494243,-3.9260762475929423,True
psp:person:7057,2. pol. 2026,2026-07-01,2026-12-31,2,22.093105307834367,-13.53326796167192,9.101151218927386,True
psp:person:7058,2. pol. 2026,2026-07-01,2026-12-31,2,-14.018366208530248,2.6075819948855523,-4.382302779524487,True
psp:person:7059,2. pol. 2026,2026-07-01,2026-12-31,2,-15.161899594240014,6.133249630849925,-5.0688502381210165,True
psp:person:7060,2. pol. 2026,2026-07-01,2026-12-31,2,-15.108619586246823,2.492156544510982,-4.449500462489489,True
psp:person:7061,2. pol. 2026,2026-07-01,2026-12-31,2,20.232076200503062,-3.0153020271489877,-1.8616002783615682,True
psp:person:7062,2. pol. 2026,2026-07-01,2026-12-31,2,-15.099884533594258,2.5430057755356503,-4.48719680903651,True
psp:person:7064,2. pol. 2026,2026-07-01,2026-12-31,2,-14.902483240372211,2.406871010523894,-4.322073613373581,True
psp:person:7065,2. pol. 2026,2026-07-01,2026-12-31,2,22.313905391132966,-7.612407585640541,7.960018251391426,True
psp:person:7066,2. pol. 2026,2026-07-01,2026-12-31,2,-14.970593299595224,2.371652585805929,-4.237441168722758,True
psp:person:7067,2. pol. 2026,2026-07-01,2026-12-31,2,-15.13680159486926,2.500051094139032,-4.278272691326274,True
psp:person:7068,2. pol. 2026,2026-07-01,2026-12-31,2,-15.137459040471816,2.4514683009085987,-4.576094320812401,True
psp:person:7106,2. pol. 2026,2026-07-01,2026-12-31,2,-15.470544163871766,4.136185473436836,-4.676493553994578,True
psp:person:7108,2. pol. 2026,2026-07-01,2026-12-31,2,-15.174424643848846,2.493314084271516,-4.465998772658041,True
