person_id,name,given_names,family_names,group,candidate_list,constituency,dim1,dim2,dim3,weight,included
psp:person:346,Petr Bendl,Petr,Bendl,ODS,Spolu,Středočeský,0.8904387750241939,0.5070268994551428,0.01646523435190364,0.8362371751110584,True
psp:person:4,Marek Benda,Marek,Benda,ODS,Spolu,Hlavní město Praha,0.8613836092383353,0.5051349498015179,0.14972721616713303,0.8044482700622323,True
psp:person:5226,Pavel Žáček,Pavel,Žáček,ODS,Spolu,Hlavní město Praha,0.8512583845649576,0.6230461188764145,-0.05021685579444921,0.6170193820308094,True
psp:person:5273,Jiří Pospíšil,Jiří,Pospíšil,TOP 09,Spolu,Hlavní město Praha,1.0301112396760388,-0.06274996980377215,-0.200946888597479,0.7789815282023884,True
psp:person:5379,Jan Bauer,Jan,Bauer,ODS,Spolu,Jihočeský,0.8892214528140763,0.4510264732485937,-0.020503673705009447,0.7573239143985042,True
psp:person:5459,Radim Fiala,Radim,Fiala,Svoboda a přímá demokracie,Svoboda a prima demokracie - Tomio Okamura,Olomoucký,-0.7787762703709973,-0.04810165534121001,-0.0073802945716098,0.7979282300911223,True
psp:person:5512,Boris Šťastný,Boris,Šťastný,Motoristé sobě,Motoristé sobě,Hlavní město Praha,-0.7792549869973721,-0.01066619992394904,-0.005174496579178173,0.9533505486133785,True
psp:person:5700,Ivan Adamec,Ivan,Adamec,ODS,Spolu,Královéhradecký,0.8800759252733845,0.5688933316697795,0.03652105979722269,0.7302345829252125,True
psp:person:5899,Jan Bureš,Jan,Bureš,ODS,Spolu,Karlovarský,0.9211887582116048,0.43351734181010204,-0.037528142111062306,0.8871014019570014,True
psp:person:5903,Jana Černochová,Jana,Černochová,ODS,Spolu,Hlavní město Praha,0.8663477608104907,0.4943432678203372,-0.02819501856240598,0.7209442680043138,True
psp:person:5911,Jaroslav Foldyna,Jaroslav,Foldyna,Svoboda a přímá demokracie,Svoboda a prima demokracie - Tomio Okamura,Ústecký,-0.7253812508758015,0.037004824762577014,-0.0032051598298238593,0.7468760203021579,True
psp:person:5943,Helena Langšádlová,Helena,Langšádlová,TOP 09,Spolu,Středočeský,0.9967936226105869,-0.10829408892517056,-0.1879081465869123,0.8395812927290178,True
psp:person:6064,Miroslav Ševčík,Miroslav,Ševčík,Svoboda a přímá demokracie,Svoboda a prima demokracie - Tomio Okamura,Jihomoravský,-0.7972725447919391,-0.037834186417084595,-0.023884761047775125,0.7986504803458887,True
psp:person:6074,Petr Fiala,Petr,Fiala,ODS,Spolu,Jihomoravský,0.9378559281456461,0.4690451884214924,0.0028520461970326758,0.7242982794613795,True
psp:person:6105,Tomio Okamura,Tomio,Okamura,Svoboda a přímá demokracie,Svoboda a prima demokracie - Tomio Okamura,Středočeský,-0.7680245271604856,0.01649416731922187,0.0018407557583252985,0.9066219465139059,True
psp:person:6150,Andrej Babiš,Andrej,Babiš,ANO 2011,ANO2011,Moravskoslezský,-0.7796361863457055,0.06989343764859521,0.008939021599229253,0.38641378013910743,True
psp:person:6154,Marek Ženíšek,Marek,Ženíšek,TOP 09,Spolu,Plzeňský,0.992263775055851,-0.060951456718719974,-0.2594689359138561,0.765496225500381,True
psp:person:6165,Radek Vondráček,Radek,Vondráček,ANO 2011,ANO2011,Zlínský,-0.7817760829071307,-0.010913830154633146,0.015849225167791078,0.8421437970575723,True
psp:person:6168,Helena Válková,Helena,Válková,ANO 2011,ANO2011,Středočeský,-0.8072458109716806,-0.0686583114378418,-0.025147249306272036,0.7095069899973286,True
psp:person:6172,Ladislav Okleštěk,Ladislav,Okleštěk,ANO 2011,ANO2011,Olomoucký,-0.8133176327670949,0.010817889660829702,-0.019586957662993655,0.7846704856885617,True
psp:person:6178,Jan Bartošek,Jan,Bartošek,KDU-ČSL,Spolu,Jihočeský,1.0013183319635606,-0.19209561756100582,-0.21799930936625148,0.6782523522602477,True
psp:person:6185,Milan Brázdil,Milan,Brázdil,ANO 2011,ANO2011,Olomoucký,-0.8307555508508394,-0.06621520833567754,0.014524928494971194,0.9109950233989297,True
psp:person:6190,Jaroslav Faltýnek,Jaroslav,Faltýnek,ANO 2011,ANO2011,Olomoucký,-0.8221857753143382,-0.05296308013162263,-0.01993599985875118,0.7567599655694399,True
psp:person:6201,Miloslav Janulík,Miloslav,Janulík,ANO 2011,ANO2011,Jihomoravský,-0.8072942852751188,-0.002280000574270293,0.010496059690434179,0.9658365735656408,True
psp:person:6205,Marian Jurečka,Marian,Jurečka,KDU-ČSL,Spolu,Olomoucký,1.0320708220425374,0.011124340791194731,-0.10307717780826263,0.7305412919375106,True
psp:person:6209,David Kasal,David,Kasal,ANO 2011,ANO2011,Pardubický,-0.8046886623260256,-0.005940256806260092,0.030534446884736076,0.8371770898261653,True
psp:person:6211,Martin Kolovratník,Martin,Kolovratník,ANO 2011,ANO2011,Pardubický,-0.7809123876028422,0.007200057575319038,-0.024582317067015122,0.6988909006361739,True
psp:person:6214,Věra Kovářová,Věra,Kovářová,Starostové a nezávislí,Starostove a nezavisli,Středočeský,1.016325167718807,-0.18691723443050198,0.18061228028806964,0.8516517764388115,True
psp:person:6215,Roman Kubíček,Roman,Kubíček,ANO 2011,ANO2011,Jihočeský,-0.8030062206637504,-0.010272007916997804,0.01087099056931282,0.9877712148645039,True
psp:person:6216,Michal Kučera,Michal,Kučera,TOP 09,Spolu,Ústecký,0.976531758515845,-0.03929107992820145,-0.2016730171210082,0.7812472173577515,True
psp:person:6225,Jana Pastuchová,Jana,Pastuchová,ANO 2011,ANO2011,Liberecký,-0.8133052757242613,-0.03894479941447389,-0.02139843947336988,0.7884103568707767,True
psp:person:6240,Karel Tureček,Karel,Tureček,ANO 2011,ANO2011,Jihočeský,-0.820334591391841,-0.08592778006757061,0.023268880588303936,0.7494978876653509,True
psp:person:6246,Josef Kott,Josef,Kott,ANO 2011,ANO2011,Vysočina,-0.7926380039053809,-0.06305303603857643,-0.13701153615978445,0.610054119299912,True
psp:person:6254,Věra Adámková,Věra,Adámková,ANO 2011,ANO2011,Hlavní město Praha,-0.8188343760092446,0.0017928412203105152,0.01573433149180381,0.9368179434666034,True
psp:person:6409,František Petrtýl,František,Petrtýl,ANO 2011,ANO2011,Středočeský,-0.8141390969653786,-0.0029363100395692057,0.0027292798949725295,0.9991887051932762,True
psp:person:6418,Jan Skopeček,Jan,Skopeček,ODS,Spolu,Středočeský,0.8513178593168391,0.5027008904459184,0.02888392902210528,0.8788301524640606,True
psp:person:6431,Lenka Dražilová,Lenka,Dražilová,ANO 2011,ANO2011,Jihomoravský,-0.7955234374338999,0.03826677685819237,0.03037330131912722,0.7057770126542203,True
psp:person:6433,Ivan Bartoš,Ivan,Bartoš,Piráti,Česká pirátská strana,Středočeský,1.0535327796555114,-0.27037759702754083,-0.06558283004725045,0.7617860358354853,True
psp:person:6435,Martin Baxa,Martin,Baxa,ODS,Spolu,Plzeňský,0.9339509358257863,0.44657410972729594,-0.007193956396626688,0.8754464594896758,True
psp:person:6447,Kamal Farhan,Kamal,Farhan,ANO 2011,ANO2011,Plzeňský,-0.8168367759762704,-0.01363029543912554,0.015559702715570592,0.9733163159300705,True
psp:person:6451,Stanislav Fridrich,Stanislav,Fridrich,ANO 2011,ANO2011,Moravskoslezský,-0.8276781527540377,0.008971770088119134,-0.0018470801594915522,0.8889713375481089,True
psp:person:6455,Jan Hrnčíř,Jan,Hrnčíř,Svoboda a přímá demokracie,Svoboda a prima demokracie - Tomio Okamura,Pardubický,-0.7649047147281771,-0.00687572812176115,-0.011131822337530099,0.8100580768355545,True
psp:person:6457,Eva Fialová,Eva,Fialová,ANO 2011,ANO2011,Ústecký,-0.8009203002889687,-0.009183803788213938,0.010014044395394503,0.9745035766228369,True
psp:person:6459,Jakub Janda,Jakub,Janda,ODS,Spolu,Moravskoslezský,0.8795630695220451,0.48957739992659216,0.11452043350996115,0.8964411860734322,True
psp:person:6463,Aleš Juchelka,Aleš,Juchelka,ANO 2011,ANO2011,Moravskoslezský,-0.7920015488867286,0.021232000550276645,0.0249950856003448,0.7540094782978639,True
psp:person:6466,Jana Krutáková,Jana,Krutáková,Starostové a nezávislí,Starostove a nezavisli,Jihomoravský,1.0512368775710481,-0.20806672417720973,0.23719536824408352,0.8444589554084673,True
psp:person:6467,Zuzana Majerová,Zuzana,Majerová,Svoboda a přímá demokracie,Svoboda a prima demokracie - Tomio Okamura,Zlínský,-0.814072659808926,0.027488906045760392,0.008357827615487375,0.6083325912954004,True
psp:person:6468,Taťána Malá,Taťána,Malá,ANO 2011,ANO2011,Jihomoravský,-0.8048979859256511,-0.01633304384062953,0.0030464315487175805,0.9715750002473461,True
psp:person:6473,Olga Richterová,Olga,Richterová,Piráti,Česká pirátská strana,Hlavní město Praha,1.0713778502564584,-0.26573345576266444,-0.030699766559808474,0.8846279421804043,True
psp:person:6474,Zuzana Ožanová,Zuzana,Ožanová,ANO 2011,ANO2011,Moravskoslezský,-0.8076796333042836,-0.004069888528172702,0.008303490203085087,0.9922432301405915,True
psp:person:6475,Monika Oborná,Monika,Oborná,ANO 2011,ANO2011,Vysočina,-0.8046980485681879,-0.001876603185674632,0.004753589993048175,0.9032976165741593,True
psp:person:6479,Lucie Šafránková,Lucie,Šafránková,Svoboda a přímá demokracie,Svoboda a prima demokracie - Tomio Okamura,Jihomoravský,-0.7809803643995882,0.006556147064138221,0.0013145139019480605,0.997120892820041,True
psp:person:6482,Vlastimil Válek,Vlastimil,Válek,TOP 09,Spolu,Jihomoravský,1.0069662218355355,0.06877443733832717,-0.2236286148769267,0.7651004719361254,True
psp:person:6484,David Štolpa,David,Štolpa,ANO 2011,ANO2011,Jihomoravský,-0.8098525394913277,0.0011271764595960803,0.014826351067250524,0.9709912637400692,True
psp:person:6486,Vojtěch Munzar,Vojtěch,Munzar,ODS,Spolu,Středočeský,0.826362442240727,0.5096938750218246,0.14863788817759985,0.7421368713701979,True
psp:person:6487,Patrik Nacher,Patrik,Nacher,ANO 2011,ANO2011,Hlavní město Praha,-0.7834405201469704,0.017044454582377345,-0.003572024659522064,0.890861060817429,True
psp:person:6490,Petr Vrána,Petr,Vrána,ANO 2011,ANO2011,Olomoucký,-0.8157491629560487,-0.008850652563019645,0.010762251225527403,0.9999901061608937,True
psp:person:6491,Adam Vojtěch,Adam,Vojtěch,ANO 2011,ANO2011,Jihočeský,-0.7722772053854612,0.002963915724177772,0.009064771357633781,0.7937332423100136,True
psp:person:6500,Jan Richter,Jan,Richter,ANO 2011,ANO2011,Ústecký,-0.8302583605818474,-0.05977767721757289,-0.0005666307655489973,0.8617138108100088,True
psp:person:6506,Tomáš Kohoutek,Tomáš,Kohoutek,ANO 2011,ANO2011,Ústecký,-0.8123495502279201,-0.018840737827619993,0.016050443913450573,0.9360660116945179,True
psp:person:6508,Radek Koten,Radek,Koten,Svoboda a přímá demokracie,Svoboda a prima demokracie - Tomio Okamura,Vysočina,-0.7846678960592991,-0.053307307966589404,-0.039223886113497516,0.7737872626715345,True
psp:person:6509,Robert Králíček,Robert,Králíček,ANO 2011,ANO2011,Hlavní město Praha,-0.813145236834829,-0.04093137630427791,-0.008670389051972755,0.7505070592542025,True
psp:person:6513,Marek Výborný,Marek,Výborný,KDU-ČSL,Spolu,Pardubický,1.0325367053219667,-0.12524855262261278,-0.19974092987095016,0.8550849386087285,True
psp:person:6515,Jiří Strýček,Jiří,Strýček,ANO 2011,ANO2011,Moravskoslezský,-0.8217141293535752,-0.007937442716626133,0.014117026654858963,0.9307431262552809,True
psp:person:6518,Petr Sadovský,Petr,Sadovský,ANO 2011,ANO2011,Královéhradecký,-0.8119966304905999,-0.01935466725023885,0.003044993856288028,0.9323063528340904,True
psp:person:6520,Pavel Růžička,Pavel,Růžička,ANO 2011,ANO2011,Ústecký,-0.8118395825487144,-0.01091222948513947,0.011795713534367444,0.9971604681764665,True
psp:person:6523,Michal Ratiborský,Michal,Ratiborský,ANO 2011,ANO2011,Moravskoslezský,-0.8088499824528378,-0.01250141465616543,0.01700121713081902,0.8980439880086671,True
psp:person:6524,Vít Rakušan,Vít,Rakušan,Starostové a nezávislí,Starostove a nezavisli,Středočeský,1.0026274401187467,-0.2574848313747565,0.11677107390013641,0.702304275127878,True
psp:person:6527,David Pražák,David,Pražák,ANO 2011,ANO2011,Liberecký,-0.7868558362074819,0.0027291496385364595,0.004382952620619424,0.8942051784353884,True
psp:person:6533,Marek Novák,Marek,Novák,ANO 2011,ANO2011,Zlínský,-0.7558111634162646,-0.00013412328027145626,-0.005280250815539645,0.9921343979104214,True
psp:person:6534,Jiří Mašek,Jiří,Mašek,ANO 2011,ANO2011,Královéhradecký,-0.796934343142241,-0.0019635441612401595,0.013351962338734926,0.8940765585270053,True
psp:person:6537,Jan Lipavský,Jan,Lipavský,ODS,Spolu,Hlavní město Praha,0.9123648997068858,0.4845589048362527,0.02501964012879995,0.7439870192830925,True
psp:person:6538,Martin Kupka,Martin,Kupka,ODS,Spolu,Středočeský,1.0115284539502705,0.3454112362021865,0.06308003649776865,0.640032451792269,True
psp:person:6544,Lubomír Metnar,Lubomír,Metnar,ANO 2011,ANO2011,Olomoucký,-0.8264606376687891,0.022259658889000382,-0.024213383506395708,0.7189457125048233,True
psp:person:6545,Alena Schillerová,Alena,Schillerová,ANO 2011,ANO2011,Jihomoravský,-0.8093928248044442,-0.08720950262853654,0.011829127191984605,0.6311082089183067,True
psp:person:6549,Robert Plaga,Robert,Plaga,ANO 2011,ANO2011,Středočeský,-0.7365959539599525,0.03265531098416014,0.050701041922649084,0.41538294104261286,True
psp:person:6552,Zdeněk Hřib,Zdeněk,Hřib,Piráti,Česká pirátská strana,Hlavní město Praha,1.0550772664023607,-0.1866821870959288,-0.03818693265176484,0.8122050399216408,True
psp:person:6555,Tom Philipp,Tom,Philipp,KDU-ČSL,Spolu,Hlavní město Praha,1.0949406263334716,-0.10553013935988993,-0.15504413952389556,0.7980568499995053,True
psp:person:6603,Pavel Karpíšek,Pavel,Karpíšek,ODS,Spolu,Plzeňský,0.834921775350159,0.5810043709129654,0.03900943254970217,0.5704985505525709,True
psp:person:6621,Karel Havlíček,Karel,Havlíček,ANO 2011,ANO2011,Hlavní město Praha,-0.8010149895053581,0.04421248217505354,0.04950753033848656,0.475725465752476,True
psp:person:6623,Ondřej Babka,Ondřej,Babka,ANO 2011,ANO2011,Jihočeský,-0.7467358892302614,0.0045866250820457794,-0.00985593160313617,0.9926785590612726,True
psp:person:6664,Josef Nerušil,Josef,Nerušil,Svoboda a přímá demokracie,Svoboda a prima demokracie - Tomio Okamura,Hlavní město Praha,-0.709004093579092,0.07019212957614736,0.09433471343836672,0.5724872122129551,True
psp:person:6687,Jan Jakob,Jan,Jakob,TOP 09,Spolu,Středočeský,1.0428321476949485,-0.01343122070391184,-0.1963432554877931,0.9233227469254897,True
psp:person:6688,Miroslav Samaš,Miroslav,Samaš,ANO 2011,ANO2011,Středočeský,-0.7977666813045536,-0.0012822912203976611,-0.00028876238383884295,0.9967350330948918,True
psp:person:6693,Libor Hoppe,Libor,Hoppe,ODS,Spolu,Jihomoravský,0.9111550506891374,0.527206605723943,-0.027382802114545045,0.6067792585556974,True
psp:person:6719,Jana Bačíková,Jana,Bačíková,ODS,Spolu,Jihomoravský,0.9687982438281069,0.39076604186440894,0.0624465249295783,0.7615189021796128,True
psp:person:6722,Jan Berki,Jan,Berki,Starostové a nezávislí,Starostove a nezavisli,Liberecký,1.036153200865645,-0.18966413520146794,0.18313425482905202,0.9071661076647572,True
psp:person:6723,Jana Berkovcová,Jana,Berkovcová,ANO 2011,ANO2011,Královéhradecký,-0.7981146965461281,0.012133423321338956,0.0018508697175547574,0.8060016028019352,True
psp:person:6727,Eva Decroix,Eva,Decroix,ODS,Spolu,Vysočina,0.92157788781582,0.43056611638134923,-0.08242264770382136,0.6312665103440088,True
psp:person:6730,Lubomír Wenzl,Lubomír,Wenzl,ANO 2011,ANO2011,Jihomoravský,-0.7974029497589469,0.007088117021122657,-0.000382010077113051,0.932712000237452,True
psp:person:6732,Ivana Mádlová,Ivana,Mádlová,ANO 2011,ANO2011,Plzeňský,-0.8181464606718912,-0.004681486171821391,0.0230341046059932,0.9824681171034797,True
psp:person:6738,Hubert Lang,Hubert,Lang,ANO 2011,ANO2011,Plzeňský,-0.7926592617450046,0.028204638922712178,-0.0015685645470822369,0.6491347837701464,True
psp:person:6743,Robert Stržínek,Robert,Stržínek,ANO 2011,ANO2011,Zlínský,-0.8076231220087156,-0.007315316176007286,0.0008882777763330303,0.9931138879819537,True
psp:person:6745,Marie Pošarová,Marie,Pošarová,Svoboda a přímá demokracie,Svoboda a prima demokracie - Tomio Okamura,Plzeňský,-0.7687527705694005,0.007369199975780642,-0.00888070077802683,0.9031788905048826,True
psp:person:6750,Josef Flek,Josef,Flek,Starostové a nezávislí,Starostove a nezavisli,Jihomoravský,0.9965305176530546,-0.25720692322270955,0.19760842001014342,0.7264155610301466,True
psp:person:6751,Karel Haas,Karel,Haas,ODS,Spolu,Pardubický,0.8344451305854584,0.5535380843455615,0.039676416007934236,0.9349875832319217,True
psp:person:6753,Jana Hanzlíková,Jana,Hanzlíková,ANO 2011,ANO2011,Pardubický,-0.8053544549964031,-0.005675025845482453,0.00809051346873254,0.9939944396624222,True
psp:person:6754,Matěj Ondřej Havel,Matěj Ondřej,Havel,TOP 09,Spolu,Královéhradecký,0.9473690158615733,-0.11286051310795804,-0.23243770865152186,0.6238065556577919,True
psp:person:6755,Jiří Havránek,Jiří,Havránek,ODS,Spolu,Středočeský,0.9165573964066825,0.45320095788177756,-0.011192885239880998,0.7456195027356466,True
psp:person:6756,Tomáš Helebrant,Tomáš,Helebrant,ANO 2011,ANO2011,Středočeský,-0.8072664686652584,-0.026576135741164207,0.017766418807878173,0.9926884529003789,True
psp:person:6758,Igor Hendrych,Igor,Hendrych,ANO 2011,ANO2011,Moravskoslezský,-0.7996981500995783,0.001345526336639426,-0.00023284816584268268,0.9572289335430827,True
psp:person:6762,Pavla Pivoňka Vaňková,Pavla,Pivoňka Vaňková,Starostové a nezávislí,Starostove a nezavisli,Jihočeský,1.0233553020954171,-0.27215369023761915,0.2090003785543874,0.7418796315534317,True
psp:person:6763,Michaela Šebelová,Michaela,Šebelová,Starostové a nezávislí,Starostove a nezavisli,Moravskoslezský,1.0754233156042432,-0.2046410405018924,0.2032638289057893,0.8863098948284903,True
psp:person:6766,Eliška Olšáková,Eliška,Olšáková,Starostové a nezávislí,Starostove a nezavisli,Zlínský,1.0309542739367665,-0.2258365099392315,0.2249956614787494,0.9098572319016948,True
psp:person:6767,Michaela Řehková,Michaela,Řehková,Starostové a nezávislí,Starostove a nezavisli,Plzeňský,0.9491939596273407,-0.20361715784961237,0.18600763912480073,0.6528746549523611,True
psp:person:6769,Hayato Okamura,Hayato,Okamura,KDU-ČSL,Spolu,Hlavní město Praha,1.083717642758336,-0.1815347008284868,-0.16152261660930645,0.7461043008518596,True
psp:person:6770,Renata Oulehlová,Renata,Oulehlová,ANO 2011,ANO2011,Karlovarský,-0.817977841203495,-0.010791666150467028,0.020276188194796447,0.9430510621036281,True
psp:person:6780,Berenika Peštová,Berenika,Peštová,ANO 2011,ANO2011,Ústecký,-0.7870945038160078,0.011039539376894069,0.005566184056772932,0.7907848782563098,True
psp:person:6782,Drahoslav Ryba,Drahoslav,Ryba,ANO 2011,ANO2011,Vysočina,-0.7636806253407168,0.0012275113716391374,-0.02018783906374531,0.9719707538116016,True
psp:person:6783,Jan Síla,Jan,Síla,Svoboda a přímá demokracie,Svoboda a prima demokracie - Tomio Okamura,Moravskoslezský,-0.755531086922334,0.012708814030699032,0.01805010830738813,0.8586170391697091,True
psp:person:6786,Róbert Teleky,Róbert,Teleky,KDU-ČSL,Spolu,Zlínský,1.0452265907481342,-0.07160457359738066,-0.1626593153028159,0.8506228171717473,True
psp:person:6787,Libor Turek,Libor,Turek,ODS,Spolu,Ústecký,0.934221810191858,0.46759954379321017,0.08058326420996507,0.8783948235433795,True
psp:person:6788,Barbora Urbanová,Barbora,Urbanová,Starostové a nezávislí,Starostove a nezavisli,Středočeský,1.0567139423993541,-0.2055000214992579,0.21454642637340585,0.8301524640606295,True
psp:person:6789,Lukáš Vlček,Lukáš,Vlček,Starostové a nezávislí,Starostove a nezavisli,Vysočina,1.0525813502692956,-0.2013662442528067,0.22409844738734266,0.8617929615228598,True
psp:person:6793,Renáta Zajíčková,Renáta,Zajíčková,ODS,Spolu,Hlavní město Praha,0.9129410024318599,0.4666272292057566,0.03629288066225869,0.7067663965648591,True
psp:person:6796,Michal Zuna,Michal,Zuna,TOP 09,Spolu,Hlavní město Praha,1.0553055339856325,-0.12282644459882784,-0.13611225220537118,0.8933444144331325,True
psp:person:6803,Jiří Horák,Jiří,Horák,KDU-ČSL,Spolu,Jihomoravský,0.9978203397400854,-0.09998150073787955,-0.15807889903759634,0.8738139760371217,True
psp:person:6804,Zdenka Němečková Crkvenjaš,Zdenka,Němečková Crkvenjaš,ODS,Spolu,Moravskoslezský,0.9495767477794422,0.36716952236639283,0.052769332300656634,0.6897390994627646,True
psp:person:6881,Petr Hladík,Petr,Hladík,KDU-ČSL,Spolu,Jihomoravský,1.063027498077222,-0.1857996760099868,-0.14582077606207283,0.830340447003651,True
psp:person:6905,Andrea Hoffmannová,Andrea,Hoffmannová,Piráti,Česká pirátská strana,Moravskoslezský,1.07533764460652,-0.2510414578649719,-0.04949167755539509,0.634175299041287,True
psp:person:6946,Josef Váňa,Josef,Váňa,ANO 2011,ANO2011,Karlovarský,-0.8184418440045653,-0.08511756649414172,0.012129663528436712,0.8096722171104054,True
psp:person:6986,Hana Ančincová,Hana,Ančincová,Piráti,Česká pirátská strana,Zlínský,1.0631076302015094,-0.2650283952707681,-0.046276715188622274,0.7844330335500084,True
psp:person:6987,Jiří Barták,Jiří,Barták,Motoristé sobě,Motoristé sobě,Zlínský,-0.7909267782283235,-0.06497148325040106,0.002255031389698264,0.8684614090805657,True
psp:person:6988,Pavel Bartoň,Pavel,Bartoň,ANO 2011,ANO2011,Zlínský,-0.7500351901670185,0.0015475543242856416,-0.03359218685538548,0.9406765407180949,True
psp:person:6989,Lucie Bartošová,Lucie,Bartošová,ODS,Spolu,Liberecký,0.9113911385187559,0.5318035412190372,0.015874895524674866,0.8027762112532527,True
psp:person:6990,Karel Beran,Karel,Beran,Motoristé sobě,Motoristé sobě,Vysočina,-0.8145436765538197,-0.07884175512562548,-0.1954594650801372,0.3866908076340863,True
psp:person:6991,Drahomír Blažej,Drahomír,Blažej,ANO 2011,ANO2011,Středočeský,-0.7931781030362756,-0.00504665915660578,-0.016973601921595007,0.9873160982656101,True
psp:person:6992,Zdeňka Blišťanová,Zdeňka,Blišťanová,TOP 09,Spolu,Olomoucký,1.069058589440143,-0.0732834655085358,-0.22027379875986833,0.8394130974642091,True
psp:person:6993,Jiří Bouška,Jiří,Bouška,ANO 2011,ANO2011,Středočeský,-0.7799380133304307,-5.278367608689072e-05,-0.011429666300607646,0.966835851315386,True
psp:person:6994,Monika Brzesková,Monika,Brzesková,KDU-ČSL,Spolu,Moravskoslezský,1.0514036681494978,-0.1423021365413091,-0.15183963778025025,0.7885092952618407,True
psp:person:6995,František Bureš,František,Bureš,ANO 2011,ANO2011,Středočeský,-0.7991039806984079,-0.0014652839514008884,0.01203908094407899,0.9954983032065934,True
psp:person:6996,Igor Červený,Igor,Červený,Motoristé sobě,Motoristé sobě,Středočeský,-0.7778053366988832,0.01597403323575401,-0.02035822851902686,0.7590751239203349,True
psp:person:6997,Adriana Chochelová,Adriana,Chochelová,Starostové a nezávislí,Starostove a nezavisli,Středočeský,1.0614805085492425,-0.22384380117754177,0.19162383932433602,0.7449862970328377,True
psp:person:6998,Benjamin Činčila,Benjamin,Činčila,KDU-ČSL,Spolu,Vysočina,0.9830363614043931,-0.1202394258464804,-0.14618538825793995,0.842875941151445,True
psp:person:6999,Katerina Demetrashvili,Katerina,Demetrashvili,Piráti,Česká pirátská strana,Hlavní město Praha,1.0560667329199251,-0.2648591142808082,-0.06602180481881882,0.7320649431598945,True
psp:person:7000,Denis Doksanský,Denis,Doksanský,ANO 2011,ANO2011,Královéhradecký,-0.8040585779297207,0.007462354822372937,0.0011248812771337971,0.8845586853066596,True
psp:person:7001,Tomáš Doležal,Tomáš,Doležal,Svoboda a přímá demokracie,Svoboda a prima demokracie - Tomio Okamura,Středočeský,-0.787865330572175,0.00447955781011868,-0.0008272373370781586,0.9938559259149328,True
psp:person:7002,Karel Dvořák,Karel,Dvořák,Starostové a nezávislí,Starostove a nezavisli,Hlavní město Praha,0.9744693165603043,-0.24762260208677767,0.2927777560761807,0.6952796493623421,True
psp:person:7003,Irena Ferčíková Konečná,Irena,Ferčíková Konečná,Piráti,Česká pirátská strana,Jihomoravský,1.0455912824955116,-0.17996634586781332,0.056391347824885044,0.7140680498253738,True
psp:person:7004,Jana Filipovičová,Jana,Filipovičová,KDU-ČSL,Spolu,Jihomoravský,1.0488869470615458,-0.19588351805694343,-0.11228309724922383,0.7794069632839631,True
psp:person:7005,Karin Gajdová,Karin,Gajdová,ANO 2011,ANO2011,Moravskoslezský,-0.8202007183210366,-0.01060372000420795,0.015515789984784313,0.9686662115500679,True
psp:person:7006,Matěj Gregor,Matěj,Gregor,Motoristé sobě,Motoristé sobě,Moravskoslezský,-0.7941712124903879,-0.010012826997670109,0.03827286522005492,0.7988582509671228,True
psp:person:7007,Monika Hubíková,Monika,Hubíková,ANO 2011,ANO2011,Zlínský,-0.8195339601697705,-0.05562753928508741,0.008193900905321906,0.921680369633829,True
psp:person:7008,Zdena Kašparová,Zdena,Kašparová,Starostové a nezávislí,Starostove a nezavisli,Olomoucký,1.054232419850787,-0.2115587680274872,0.21510360071627987,0.8425989136564662,True
psp:person:7009,Jiřina Klčová,Jiřina,Klčová,ANO 2011,ANO2011,Pardubický,-0.8001733162307951,-0.019120430547435764,-0.006858938637035965,0.9714265926607503,True
psp:person:7010,Oto Klempíř,Oto,Klempíř,Motoristé sobě,Motoristé sobě,Plzeňský,-0.8187597649705542,0.0031139918942807627,0.003392978887685338,0.6491149960919337,True
psp:person:7011,Matěj Hlavatý,Matěj,Hlavatý,Starostové a nezávislí,Starostove a nezavisli,Královéhradecký,1.0507593750438489,-0.19915511761521207,0.2481507507988276,0.7451149169412207,True
psp:person:7012,Vladimír Kolek,Vladimír,Kolek,ANO 2011,ANO2011,Moravskoslezský,-0.801025150505897,-0.012430978900489126,-0.012371509406566821,0.964926340367853,True
psp:person:7013,Veronika Kovářová,Veronika,Kovářová,Piráti,Česká pirátská strana,Jihočeský,1.07204761540583,-0.23134241933412722,-0.03551659573553353,0.8512362351963433,True
psp:person:7014,Petr Kowanda,Petr,Kowanda,ANO 2011,ANO2011,Středočeský,-0.8016731233762049,0.00011407077847683323,0.01691430725361138,0.9563483818626143,True
psp:person:7015,Jakub Krainer,Jakub,Krainer,Starostové a nezávislí,Starostove a nezavisli,Jihomoravský,1.0775490304154907,-0.19545849280172578,0.23341130690956058,0.9479188309439713,True
psp:person:7016,Miroslav Krejčí,Miroslav,Krejčí,Motoristé sobě,Motoristé sobě,Jihočeský,-0.8198980355347754,-0.05223736005133244,-0.010297357099678193,0.8879423782810444,True
psp:person:7017,Vojtěch Krňanský,Vojtěch,Krňanský,Motoristé sobě,Motoristé sobě,Pardubický,-0.8243411205468775,-0.06256840140436518,-0.09949969382226181,0.6175833308598736,True
psp:person:7018,Marie Kršková,Marie,Kršková,KDU-ČSL,Spolu,Pardubický,1.0465402712232696,-0.1595433519485394,-0.1493090868537336,0.8895550740553859,True
psp:person:7021,Martin Kupec,Martin,Kupec,ANO 2011,ANO2011,Jihočeský,-0.7563518031658232,0.012511249758723407,-0.024428384638271787,0.9279827451445987,True
psp:person:7022,Petr Macinka,Petr,Macinka,Motoristé sobě,Motoristé sobě,Jihomoravský,-0.8429546145417847,-0.07624136202907876,-0.015906665103080708,0.55274900319571,True
psp:person:7023,Lenka Martínková Španihelová,Lenka,Martínková Španihelová,Piráti,Česká pirátská strana,Pardubický,1.064722459444128,-0.20069363320839606,-0.08064257266821695,0.8238599823889665,True
psp:person:7024,Michaela Moricová,Michaela,Moricová,Piráti,Česká pirátská strana,Moravskoslezský,1.0875248508828457,-0.28095562570426014,-0.04334741239823276,0.7799808059521336,True
psp:person:7025,Jana Murová,Jana,Murová,ANO 2011,ANO2011,Moravskoslezský,-0.8162274984999554,-0.007271955827866886,0.012510376314141756,0.9493138622579721,True
psp:person:7026,Anežka Nedomová,Anežka,Nedomová,Starostové a nezávislí,Starostove a nezavisli,Pardubický,1.0662852745014253,-0.20042998513823218,0.24053654949292522,0.8707073105577158,True
psp:person:7027,Irena Němcová,Irena,Němcová,Svoboda a přímá demokracie,Svoboda a prima demokracie - Tomio Okamura,Královéhradecký,-0.7703497644317541,0.004590178002205131,-0.003309638130137488,0.8832922739010419,True
psp:person:7028,Bohuslav Niemiec,Bohuslav,Niemiec,KDU-ČSL,Spolu,Moravskoslezský,1.0474217203333587,-0.134382339072229,-0.15142170639863356,0.9018926914210521,True
psp:person:7029,Pavel Outrata,Pavel,Outrata,ANO 2011,ANO2011,Jihomoravský,-0.7966456339129763,-0.019005061468382642,0.01620259030950163,0.8455175961928507,True
psp:person:7030,Jan Papajanovský,Jan,Papajanovský,Starostové a nezávislí,Starostove a nezavisli,Ústecký,1.0021229263571192,-0.2835226169544724,0.31050296156306006,0.6212242636510246,True
psp:person:7031,Patrik Pařil,Patrik,Pařil,ANO 2011,ANO2011,Jihomoravský,-0.8026561720155494,-0.008044076248906464,0.02605905463142919,0.8781573714048262,True
psp:person:7032,Jana Patková,Jana,Patková,Piráti,Česká pirátská strana,Královéhradecký,1.081837174648063,-0.19291806068366016,-0.10649453508556567,0.830340447003651,True
psp:person:7033,Jiří Svoboda,Jiří,Svoboda,ANO 2011,ANO2011,Moravskoslezský,-0.7872022233131998,0.006082827960936754,0.035315705504091084,0.9066615218703313,True
psp:person:7034,Vladimír Pikora,Vladimír,Pikora,Motoristé sobě,Motoristé sobě,Ústecký,-0.8233469169229332,-0.046511766570880304,0.006638367949623905,0.6754721834713524,True
psp:person:7035,Barbora Pipášová,Barbora,Pipášová,Piráti,Česká pirátská strana,Vysočina,1.051304116215787,-0.22458787342455533,-0.08544998911708312,0.8589336420211134,True
psp:person:7036,Václav Pláteník,Václav,Pláteník,KDU-ČSL,Spolu,Zlínský,1.0207151204305398,-0.11165239767221749,-0.1422169862197356,0.9112621570548022,True
psp:person:7037,Jindřich Rajchl,Jindřich,Rajchl,Svoboda a přímá demokracie,Svoboda a prima demokracie - Tomio Okamura,Moravskoslezský,-0.802262786815392,-0.0764563802469859,0.003031282214005358,0.7049855055257093,True
psp:person:7038,Barbora Rázga,Barbora,Rázga,ANO 2011,ANO2011,Hlavní město Praha,-0.801548161885186,0.0037855251157331814,0.009655943580687143,0.9837642100264167,True
psp:person:7039,Vítězslav Schrek,Vítězslav,Schrek,ODS,Spolu,Vysočina,0.917585665926363,0.4923676725107842,0.04264819920876293,0.8943140106655585,True
psp:person:7040,Zuzana Mrázová,Zuzana,Mrázová,ANO 2011,ANO2011,Ústecký,-0.8124505025301092,0.020821527184076864,-0.04497169821101094,0.7894986791724793,True
psp:person:7041,Gabriela Sedláčková,Gabriela,Sedláčková,Motoristé sobě,Motoristé sobě,Olomoucký,-0.7932132724541785,0.0028675898676653816,0.015102962374987521,0.931099304463111,True
psp:person:7042,Lucie Sedmihradská,Lucie,Sedmihradská,Starostové a nezávislí,Starostove a nezavisli,Hlavní město Praha,1.0351953921562798,-0.21031078639997067,0.286697479816573,0.7388125414304513,True
psp:person:7043,Štěpán Slovák,Štěpán,Slovák,ODS,Spolu,Zlínský,0.9382088335151768,0.42767381544446403,-0.02321569956997061,0.7562850612923334,True
psp:person:7044,Julie Smejkalová,Julie,Smejkalová,Starostové a nezávislí,Starostove a nezavisli,Hlavní město Praha,1.0578694890607296,-0.22511916023683956,0.22795714656447602,0.8579145765931555,True
psp:person:7045,Petr Sokol,Petr,Sokol,ODS,Spolu,Olomoucký,0.8899926423796569,0.4736477532272981,-0.01153853978659686,0.8067040653784888,True
psp:person:7046,Eva Šrámková,Eva,Šrámková,Piráti,Česká pirátská strana,Plzeňský,1.0334762167661444,-0.2528423266233951,-0.10031477136733613,0.8234741226638173,True
psp:person:7047,Markéta Šichtařová,Markéta,Šichtařová,Svoboda a přímá demokracie,Svoboda a prima demokracie - Tomio Okamura,Hlavní město Praha,-0.6666152470013312,-0.033412874880944604,-0.2030027100261614,0.13793001098216143,True
psp:person:7048,Kateřina Stojanová,Kateřina,Stojanová,Piráti,Česká pirátská strana,Ústecký,1.0420418444733135,-0.32104764727962776,-0.05771193597787601,0.7561366537057375,True
psp:person:7049,Gabriela Svárovská,Gabriela,Svárovská,Piráti,Česká pirátská strana,Hlavní město Praha,1.0384712088013175,-0.3162172589997871,-0.0693865229053902,0.7766070068168552,True
psp:person:7050,Jan Sviták,Jan,Sviták,Starostové a nezávislí,Starostove a nezavisli,Liberecký,1.0849221814274908,-0.314027511134599,0.2794727086293277,0.5627714622104816,True
psp:person:7051,Vendula Svobodová,Vendula,Svobodová,Piráti,Česká pirátská strana,Jihomoravský,1.0775080321091208,-0.24941699052439187,-0.04460597310128139,0.8299446934393953,True
psp:person:7052,František Talíř,František,Talíř,KDU-ČSL,Spolu,Jihočeský,1.0852828989499268,-0.019225965107526687,-0.14467435061631753,0.7967607570765685,True
psp:person:7053,Václav Trojan,Václav,Trojan,ANO 2011,ANO2011,Jihomoravský,-0.7726943698422611,0.013510444619595394,0.005524403785213687,0.8032610093694657,True
psp:person:7054,Renata Vesecká,Renata,Vesecká,Motoristé sobě,Motoristé sobě,Královéhradecký,-0.7917501683396466,0.00248260950691576,0.029115144488630812,0.9061074668803737,True
psp:person:7055,Jiří Vojáček,Jiří,Vojáček,KDU-ČSL,Spolu,Královéhradecký,1.0354102440700066,-0.13550033340633155,-0.14984752241689342,0.693290987701958,True
psp:person:7056,Jitka Volfová,Jitka,Volfová,ANO 2011,ANO2011,Liberecký,-0.807910160217007,-0.027295364259749134,0.012972506415206033,0.8980637756868798,True
psp:person:7057,Samuel Volpe,Samuel,Volpe,Piráti,Česká pirátská strana,Středočeský,1.0801926952399634,-0.25339113186370277,-0.026492599164815434,0.77963452158341,True
psp:person:7058,Libor Vondráček,Libor,Vondráček,Svoboda a přímá demokracie,Svoboda a prima demokracie - Tomio Okamura,Jihočeský,-0.7828347083369515,0.000953215407894637,-0.0064714035384601095,0.9026149416758186,True
psp:person:7059,Filip Turek,Filip,Turek,Motoristé sobě,Motoristé sobě,Středočeský,-0.7760490253588427,0.05018280516007246,0.006799703227138751,0.5774934948007876,True
psp:person:7060,Otto Vopěnka,Otto,Vopěnka,ANO 2011,ANO2011,Vysočina,-0.7816559998321199,0.005976734579999822,-0.008249422640699123,0.9951025496423377,True
psp:person:7061,Ester Weimerová,Ester,Weimerová,Starostové a nezávislí,Starostove a nezavisli,Moravskoslezský,1.0838753092213478,-0.11260060521538186,0.23361530209158518,0.9103222423396952,True
psp:person:7062,Martin Záhoř,Martin,Záhoř,ANO 2011,ANO2011,Plzeňský,-0.8152145743638102,-0.014418124301962059,0.00690364362269178,0.9610776369554679,True
psp:person:7064,Miroslav Žbánek,Miroslav,Žbánek,ANO 2011,ANO2011,Olomoucký,-0.7692968271627184,0.008100112890264409,-0.004566331161411068,0.9226796473835743,True
psp:person:7065,Martin Šmída,Martin,Šmída,Piráti,Česká pirátská strana,Olomoucký,1.067798838532169,-0.20139852123602078,-0.08727023762559083,0.7995903950609957,True
psp:person:7066,Vlastimil Hebr,Vlastimil,Hebr,ANO 2011,ANO2011,Plzeňský,-0.7873763936200798,0.00208629404978744,-0.0032839087601765514,0.9991887051932762,True
psp:person:7067,Jiří Penc,Jiří,Penc,ANO 2011,ANO2011,Karlovarský,-0.8102617893010267,-0.000321089156406418,0.014388057271648623,0.9889584755572706,True
psp:person:7068,Jana Demjanová,Jana,Demjanová,ANO 2011,ANO2011,Ústecký,-0.8161097625783994,-0.008633400252194114,0.012583760375435226,0.9898291333986327,True
psp:person:7106,Libor Forman,Libor,Forman,Motoristé sobě,Motoristé sobě,Vysočina,-0.7299165194218534,0.16551766478429827,0.20070333548966376,0.38383148813234,True
psp:person:7108,Jiří Kotlík,Jiří,Kotlík,ANO 2011,ANO2011,Vysočina,-0.765175616982289,0.15205978304804785,0.2766255495837581,0.32073847615090084,True
