id,name,photo,candidate_list,group,constituency,present_share,present_share_percent,vote_events_total,present,absent
psp:person:6491,Adam Vojtěch,https://www.psp.cz/eknih/cdrom/2025ps/eknih/2025ps/poslanci/i6491.jpg,ANO2011,ANO,Jihočeský,0.7856502242,79,2230,1752,478
psp:person:6997,Adriana Chochelová,https://www.psp.cz/eknih/cdrom/2025ps/eknih/2025ps/poslanci/i6997.jpg,Starostove a nezavisli,STAN,Středočeský,0.7112107623,71,2230,1586,644
psp:person:6545,Alena Schillerová,https://www.psp.cz/eknih/cdrom/2025ps/eknih/2025ps/poslanci/i6545.jpg,ANO2011,ANO,Jihomoravský,0.6107623318,61,2230,1362,868
psp:person:6463,Aleš Juchelka,https://www.psp.cz/eknih/cdrom/2025ps/eknih/2025ps/poslanci/i6463.jpg,ANO2011,ANO,Moravskoslezský,0.730044843,73,2230,1628,602
psp:person:6905,Andrea Hoffmannová,https://www.psp.cz/eknih/cdrom/2025ps/eknih/2025ps/poslanci/i6905.jpg,Česká pirátská strana,Piráti,Moravskoslezský,0.5923766816,59,2230,1321,909
psp:person:6150,Andrej Babiš,https://www.psp.cz/eknih/cdrom/2025ps/eknih/2025ps/poslanci/i6150.jpg,ANO2011,ANO,Moravskoslezský,0.3730941704,37,2230,832,1398
psp:person:7026,Anežka Nedomová,https://www.psp.cz/eknih/cdrom/2025ps/eknih/2025ps/poslanci/i7026.jpg,Starostove a nezavisli,STAN,Pardubický,0.8282511211,83,2230,1847,383
psp:person:7035,Barbora Pipášová,https://www.psp.cz/eknih/cdrom/2025ps/eknih/2025ps/poslanci/i7035.jpg,Česká pirátská strana,Piráti,Vysočina,0.831838565,83,2230,1855,375
psp:person:7038,Barbora Rázga,https://www.psp.cz/eknih/cdrom/2025ps/eknih/2025ps/poslanci/i7038.jpg,ANO2011,ANO,Hlavní město Praha,0.9704035874,97,2230,2164,66
psp:person:6788,Barbora Urbanová,https://www.psp.cz/eknih/cdrom/2025ps/eknih/2025ps/poslanci/i6788.jpg,Starostove a nezavisli,STAN,Středočeský,0.7883408072,79,2230,1758,472
psp:person:6998,Benjamin Činčila,https://www.psp.cz/eknih/cdrom/2025ps/eknih/2025ps/poslanci/i6998.jpg,Spolu,KDU-ČSL,Vysočina,0.8116591928,81,2230,1810,420
psp:person:6780,Berenika Peštová,https://www.psp.cz/eknih/cdrom/2025ps/eknih/2025ps/poslanci/i6780.jpg,ANO2011,ANO,Ústecký,0.7856502242,79,2230,1752,478
psp:person:7028,Bohuslav Niemiec,https://www.psp.cz/eknih/cdrom/2025ps/eknih/2025ps/poslanci/i7028.jpg,Spolu,KDU-ČSL,Moravskoslezský,0.8730941704,87,2230,1947,283
psp:person:5512,Boris Šťastný,https://www.psp.cz/eknih/cdrom/2025ps/eknih/2025ps/poslanci/i5512.jpg,Motoristé sobě,Motoristé,Hlavní město Praha,0.9255605381,93,2230,2064,166
psp:person:6209,David Kasal,https://www.psp.cz/eknih/cdrom/2025ps/eknih/2025ps/poslanci/i6209.jpg,ANO2011,ANO,Pardubický,0.8170403587,82,2230,1822,408
psp:person:6527,David Pražák,https://www.psp.cz/eknih/cdrom/2025ps/eknih/2025ps/poslanci/i6527.jpg,ANO2011,ANO,Liberecký,0.8748878924,87,2230,1951,279
psp:person:6484,David Štolpa,https://www.psp.cz/eknih/cdrom/2025ps/eknih/2025ps/poslanci/i6484.jpg,ANO2011,ANO,Jihomoravský,0.96367713,96,2230,2149,81
psp:person:7000,Denis Doksanský,https://www.psp.cz/eknih/cdrom/2025ps/eknih/2025ps/poslanci/i7000.jpg,ANO2011,ANO,Královéhradecký,0.8834080717,88,2230,1970,260
psp:person:6991,Drahomír Blažej,https://www.psp.cz/eknih/cdrom/2025ps/eknih/2025ps/poslanci/i6991.jpg,ANO2011,ANO,Středočeský,0.9757847534,98,2230,2176,54
psp:person:6782,Drahoslav Ryba,https://www.psp.cz/eknih/cdrom/2025ps/eknih/2025ps/poslanci/i6782.jpg,ANO2011,ANO,Vysočina,0.9739910314,97,2230,2172,58
psp:person:6766,Eliška Olšáková,https://www.psp.cz/eknih/cdrom/2025ps/eknih/2025ps/poslanci/i6766.jpg,Starostove a nezavisli,STAN,Zlínský,0.868161435,87,2230,1936,294
psp:person:7061,Ester Weimerová,https://www.psp.cz/eknih/cdrom/2025ps/eknih/2025ps/poslanci/i7061.jpg,Starostove a nezavisli,STAN,Moravskoslezský,0.9112107623,91,2230,2032,198
psp:person:6727,Eva Decroix,https://www.psp.cz/eknih/cdrom/2025ps/eknih/2025ps/poslanci/i6727.jpg,Spolu,ODS,Vysočina,0.5744394619,57,2230,1281,949
psp:person:6457,Eva Fialová,https://www.psp.cz/eknih/cdrom/2025ps/eknih/2025ps/poslanci/i6457.jpg,ANO2011,ANO,Ústecký,0.9735426009,97,2230,2171,59
psp:person:7046,Eva Šrámková,https://www.psp.cz/eknih/cdrom/2025ps/eknih/2025ps/poslanci/i7046.jpg,Česká pirátská strana,Piráti,Plzeňský,0.8179372197,82,2230,1824,406
psp:person:7059,Filip Turek,https://www.psp.cz/eknih/cdrom/2025ps/eknih/2025ps/poslanci/i7059.jpg,Motoristé sobě,Motoristé,Středočeský,0.5686098655,57,2230,1268,962
psp:person:6995,František Bureš,https://www.psp.cz/eknih/cdrom/2025ps/eknih/2025ps/poslanci/i6995.jpg,ANO2011,ANO,Středočeský,0.9919282511,99,2230,2212,18
psp:person:6409,František Petrtýl,https://www.psp.cz/eknih/cdrom/2025ps/eknih/2025ps/poslanci/i6409.jpg,ANO2011,ANO,Středočeský,0.9964125561,100,2230,2222,8
psp:person:7052,František Talíř,https://www.psp.cz/eknih/cdrom/2025ps/eknih/2025ps/poslanci/i7052.jpg,Spolu,KDU-ČSL,Jihočeský,0.7883408072,79,2230,1758,472
psp:person:7041,Gabriela Sedláčková,https://www.psp.cz/eknih/cdrom/2025ps/eknih/2025ps/poslanci/i7041.jpg,Motoristé sobě,Motoristé,Olomoucký,0.9161434978,92,2230,2043,187
psp:person:7049,Gabriela Svárovská,https://www.psp.cz/eknih/cdrom/2025ps/eknih/2025ps/poslanci/i7049.jpg,Česká pirátská strana,Piráti,Hlavní město Praha,0.7843049327,78,2230,1749,481
psp:person:6986,Hana Ančincová,https://www.psp.cz/eknih/cdrom/2025ps/eknih/2025ps/poslanci/i6986.jpg,Česká pirátská strana,Piráti,Zlínský,0.8022421525,80,2230,1789,441
psp:person:6769,Hayato Okamura,https://www.psp.cz/eknih/cdrom/2025ps/eknih/2025ps/poslanci/i6769.jpg,Spolu,KDU-ČSL,Hlavní město Praha,0.7179372197,72,2230,1601,629
psp:person:5943,Helena Langšádlová,https://www.psp.cz/eknih/cdrom/2025ps/eknih/2025ps/poslanci/i5943.jpg,Spolu,TOP 09,Středočeský,0.8089686099,81,2230,1804,426
psp:person:6168,Helena Válková,https://www.psp.cz/eknih/cdrom/2025ps/eknih/2025ps/poslanci/i6168.jpg,ANO2011,ANO,Středočeský,0.664573991,66,2230,1482,748
psp:person:6738,Hubert Lang,https://www.psp.cz/eknih/cdrom/2025ps/eknih/2025ps/poslanci/i6738.jpg,ANO2011,ANO,Plzeňský,0.6816143498,68,2230,1520,710
psp:person:6758,Igor Hendrych,https://www.psp.cz/eknih/cdrom/2025ps/eknih/2025ps/poslanci/i6758.jpg,ANO2011,ANO,Moravskoslezský,0.9497757848,95,2230,2118,112
psp:person:6996,Igor Červený,https://www.psp.cz/eknih/cdrom/2025ps/eknih/2025ps/poslanci/i6996.jpg,Motoristé sobě,Motoristé,Středočeský,0.7376681614,74,2230,1645,585
psp:person:7003,Irena Ferčíková Konečná,https://www.psp.cz/eknih/cdrom/2025ps/eknih/2025ps/poslanci/i7003.jpg,Česká pirátská strana,Piráti,Jihomoravský,0.7139013453,71,2230,1592,638
psp:person:7027,Irena Němcová,https://www.psp.cz/eknih/cdrom/2025ps/eknih/2025ps/poslanci/i7027.jpg,Svoboda a prima demokracie - Tomio Okamura,SPD,Královéhradecký,0.8807174888,88,2230,1964,266
psp:person:5700,Ivan Adamec,https://www.psp.cz/eknih/cdrom/2025ps/eknih/2025ps/poslanci/i5700.jpg,Spolu,ODS,Královéhradecký,0.6874439462,69,2230,1533,697
psp:person:6433,Ivan Bartoš,https://www.psp.cz/eknih/cdrom/2025ps/eknih/2025ps/poslanci/i6433.jpg,Česká pirátská strana,Piráti,Středočeský,0.7340807175,73,2230,1637,593
psp:person:6732,Ivana Mádlová,https://www.psp.cz/eknih/cdrom/2025ps/eknih/2025ps/poslanci/i6732.jpg,ANO2011,ANO,Plzeňský,0.9708520179,97,2230,2165,65
psp:person:6459,Jakub Janda,https://www.psp.cz/eknih/cdrom/2025ps/eknih/2025ps/poslanci/i6459.jpg,Spolu,ODS,Moravskoslezský,0.8811659193,88,2230,1965,265
psp:person:7015,Jakub Krainer,https://www.psp.cz/eknih/cdrom/2025ps/eknih/2025ps/poslanci/i7015.jpg,Starostove a nezavisli,STAN,Jihomoravský,0.9273542601,93,2230,2068,162
psp:person:6178,Jan Bartošek,https://www.psp.cz/eknih/cdrom/2025ps/eknih/2025ps/poslanci/i6178.jpg,Spolu,KDU-ČSL,Jihočeský,0.6668161435,67,2230,1487,743
psp:person:5379,Jan Bauer,https://www.psp.cz/eknih/cdrom/2025ps/eknih/2025ps/poslanci/i5379.jpg,Spolu,ODS,Jihočeský,0.7004484305,70,2230,1562,668
psp:person:6722,Jan Berki,https://www.psp.cz/eknih/cdrom/2025ps/eknih/2025ps/poslanci/i6722.jpg,Starostove a nezavisli,STAN,Liberecký,0.8941704036,89,2230,1994,236
psp:person:5899,Jan Bureš,https://www.psp.cz/eknih/cdrom/2025ps/eknih/2025ps/poslanci/i5899.jpg,Spolu,ODS,Karlovarský,0.8228699552,82,2230,1835,395
psp:person:6455,Jan Hrnčíř,https://www.psp.cz/eknih/cdrom/2025ps/eknih/2025ps/poslanci/i6455.jpg,Svoboda a prima demokracie - Tomio Okamura,SPD,Pardubický,0.7793721973,78,2230,1738,492
psp:person:6687,Jan Jakob,https://www.psp.cz/eknih/cdrom/2025ps/eknih/2025ps/poslanci/i6687.jpg,Spolu,TOP 09,Středočeský,0.8910313901,89,2230,1987,243
psp:person:6537,Jan Lipavský,https://www.psp.cz/eknih/cdrom/2025ps/eknih/2025ps/poslanci/i6537.jpg,Spolu,ODS,Hlavní město Praha,0.6910313901,69,2230,1541,689
psp:person:7030,Jan Papajanovský,https://www.psp.cz/eknih/cdrom/2025ps/eknih/2025ps/poslanci/i7030.jpg,Starostove a nezavisli,STAN,Ústecký,0.6385650224,64,2230,1424,806
psp:person:6500,Jan Richter,https://www.psp.cz/eknih/cdrom/2025ps/eknih/2025ps/poslanci/i6500.jpg,ANO2011,ANO,Ústecký,0.8295964126,83,2230,1850,380
psp:person:6418,Jan Skopeček,https://www.psp.cz/eknih/cdrom/2025ps/eknih/2025ps/poslanci/i6418.jpg,Spolu,ODS,Středočeský,0.8233183857,82,2230,1836,394
psp:person:7050,Jan Sviták,https://www.psp.cz/eknih/cdrom/2025ps/eknih/2025ps/poslanci/i7050.jpg,Starostove a nezavisli,STAN,Liberecký,0.5753363229,58,2230,1283,947
psp:person:6783,Jan Síla,https://www.psp.cz/eknih/cdrom/2025ps/eknih/2025ps/poslanci/i6783.jpg,Svoboda a prima demokracie - Tomio Okamura,SPD,Moravskoslezský,0.8282511211,83,2230,1847,383
psp:person:6719,Jana Bačíková,https://www.psp.cz/eknih/cdrom/2025ps/eknih/2025ps/poslanci/i6719.jpg,Spolu,ODS,Jihomoravský,0.7130044843,71,2230,1590,640
psp:person:6723,Jana Berkovcová,https://www.psp.cz/eknih/cdrom/2025ps/eknih/2025ps/poslanci/i6723.jpg,ANO2011,ANO,Královéhradecký,0.7717488789,77,2230,1721,509
psp:person:7068,Jana Demjanová,https://www.psp.cz/eknih/cdrom/2025ps/eknih/2025ps/poslanci/i7068.jpg,ANO2011,ANO,Ústecký,0.9802513465,98,2228,2184,44
psp:person:7004,Jana Filipovičová,https://www.psp.cz/eknih/cdrom/2025ps/eknih/2025ps/poslanci/i7004.jpg,Spolu,KDU-ČSL,Jihomoravský,0.7560538117,76,2230,1686,544
psp:person:6753,Jana Hanzlíková,https://www.psp.cz/eknih/cdrom/2025ps/eknih/2025ps/poslanci/i6753.jpg,ANO2011,ANO,Pardubický,0.9892376682,99,2230,2206,24
psp:person:6466,Jana Krutáková,https://www.psp.cz/eknih/cdrom/2025ps/eknih/2025ps/poslanci/i6466.jpg,Starostove a nezavisli,STAN,Jihomoravský,0.8134529148,81,2230,1814,416
psp:person:7025,Jana Murová,https://www.psp.cz/eknih/cdrom/2025ps/eknih/2025ps/poslanci/i7025.jpg,ANO2011,ANO,Moravskoslezský,0.932735426,93,2230,2080,150
psp:person:6225,Jana Pastuchová,https://www.psp.cz/eknih/cdrom/2025ps/eknih/2025ps/poslanci/i6225.jpg,ANO2011,ANO,Liberecký,0.7349775785,73,2230,1639,591
psp:person:7032,Jana Patková,https://www.psp.cz/eknih/cdrom/2025ps/eknih/2025ps/poslanci/i7032.jpg,Česká pirátská strana,Piráti,Královéhradecký,0.7919282511,79,2230,1766,464
psp:person:5903,Jana Černochová,https://www.psp.cz/eknih/cdrom/2025ps/eknih/2025ps/poslanci/i5903.jpg,Spolu,ODS,Hlavní město Praha,0.6578475336,66,2230,1467,763
psp:person:6190,Jaroslav Faltýnek,https://www.psp.cz/eknih/cdrom/2025ps/eknih/2025ps/poslanci/i6190.jpg,ANO2011,ANO,Olomoucký,0.6968609865,70,2230,1554,676
psp:person:5911,Jaroslav Foldyna,https://www.psp.cz/eknih/cdrom/2025ps/eknih/2025ps/poslanci/i5911.jpg,Svoboda a prima demokracie - Tomio Okamura,SPD,Ústecký,0.7053811659,71,2230,1573,657
psp:person:7037,Jindřich Rajchl,https://www.psp.cz/eknih/cdrom/2025ps/eknih/2025ps/poslanci/i7037.jpg,Svoboda a prima demokracie - Tomio Okamura,SPD,Moravskoslezský,0.6775784753,68,2230,1511,719
psp:person:7056,Jitka Volfová,https://www.psp.cz/eknih/cdrom/2025ps/eknih/2025ps/poslanci/i7056.jpg,ANO2011,ANO,Liberecký,0.8860986547,89,2230,1976,254
psp:person:7009,Jiřina Klčová,https://www.psp.cz/eknih/cdrom/2025ps/eknih/2025ps/poslanci/i7009.jpg,ANO2011,ANO,Pardubický,0.9717488789,97,2230,2167,63
psp:person:6987,Jiří Barták,https://www.psp.cz/eknih/cdrom/2025ps/eknih/2025ps/poslanci/i6987.jpg,Motoristé sobě,Motoristé,Zlínský,0.8448430493,84,2230,1884,346
psp:person:6993,Jiří Bouška,https://www.psp.cz/eknih/cdrom/2025ps/eknih/2025ps/poslanci/i6993.jpg,ANO2011,ANO,Středočeský,0.9582959641,96,2230,2137,93
psp:person:6755,Jiří Havránek,https://www.psp.cz/eknih/cdrom/2025ps/eknih/2025ps/poslanci/i6755.jpg,Spolu,ODS,Středočeský,0.669058296,67,2230,1492,738
psp:person:6803,Jiří Horák,https://www.psp.cz/eknih/cdrom/2025ps/eknih/2025ps/poslanci/i6803.jpg,Spolu,KDU-ČSL,Jihomoravský,0.8174887892,82,2230,1823,407
psp:person:7108,Jiří Kotlík,https://www.psp.cz/eknih/cdrom/2025ps/eknih/2025ps/poslanci/i7108.jpg,ANO2011,ANO,Vysočina,0.9741496599,97,735,716,19
psp:person:6534,Jiří Mašek,https://www.psp.cz/eknih/cdrom/2025ps/eknih/2025ps/poslanci/i6534.jpg,ANO2011,ANO,Královéhradecký,0.8838565022,88,2230,1971,259
psp:person:7067,Jiří Penc,https://www.psp.cz/eknih/cdrom/2025ps/eknih/2025ps/poslanci/i7067.jpg,ANO2011,ANO,Karlovarský,0.9807001795,98,2228,2185,43
psp:person:5273,Jiří Pospíšil,https://www.psp.cz/eknih/cdrom/2025ps/eknih/2025ps/poslanci/i5273.jpg,Spolu,TOP 09,Hlavní město Praha,0.7399103139,74,2230,1650,580
psp:person:6515,Jiří Strýček,https://www.psp.cz/eknih/cdrom/2025ps/eknih/2025ps/poslanci/i6515.jpg,ANO2011,ANO,Moravskoslezský,0.9094170404,91,2230,2028,202
psp:person:7033,Jiří Svoboda,https://www.psp.cz/eknih/cdrom/2025ps/eknih/2025ps/poslanci/i7033.jpg,ANO2011,ANO,Moravskoslezský,0.9269058296,93,2230,2067,163
psp:person:7055,Jiří Vojáček,https://www.psp.cz/eknih/cdrom/2025ps/eknih/2025ps/poslanci/i7055.jpg,Spolu,KDU-ČSL,Královéhradecký,0.6605381166,66,2230,1473,757
psp:person:6750,Josef Flek,https://www.psp.cz/eknih/cdrom/2025ps/eknih/2025ps/poslanci/i6750.jpg,Starostove a nezavisli,STAN,Jihomoravský,0.7183856502,72,2230,1602,628
psp:person:6246,Josef Kott,https://www.psp.cz/eknih/cdrom/2025ps/eknih/2025ps/poslanci/i6246.jpg,ANO2011,ANO,Vysočina,0.9036789298,90,1495,1351,144
psp:person:6664,Josef Nerušil,https://www.psp.cz/eknih/cdrom/2025ps/eknih/2025ps/poslanci/i6664.jpg,Svoboda a prima demokracie - Tomio Okamura,SPD,Hlavní město Praha,0.8068965517,81,1595,1287,308
psp:person:6946,Josef Váňa,https://www.psp.cz/eknih/cdrom/2025ps/eknih/2025ps/poslanci/i6946.jpg,ANO2011,ANO,Karlovarský,0.7829596413,78,2230,1746,484
psp:person:7044,Julie Smejkalová,https://www.psp.cz/eknih/cdrom/2025ps/eknih/2025ps/poslanci/i7044.jpg,Starostove a nezavisli,STAN,Hlavní město Praha,0.8439461883,84,2230,1882,348
psp:person:6447,Kamal Farhan,https://www.psp.cz/eknih/cdrom/2025ps/eknih/2025ps/poslanci/i6447.jpg,ANO2011,ANO,Plzeňský,0.9538116592,95,2230,2127,103
psp:person:6990,Karel Beran,https://www.psp.cz/eknih/cdrom/2025ps/eknih/2025ps/poslanci/i6990.jpg,Motoristé sobě,Motoristé,Vysočina,0.6988727858,70,1242,868,374
psp:person:7002,Karel Dvořák,https://www.psp.cz/eknih/cdrom/2025ps/eknih/2025ps/poslanci/i7002.jpg,Starostove a nezavisli,STAN,Hlavní město Praha,0.6659192825,67,2230,1485,745
psp:person:6751,Karel Haas,https://www.psp.cz/eknih/cdrom/2025ps/eknih/2025ps/poslanci/i6751.jpg,Spolu,ODS,Pardubický,0.9322869955,93,2230,2079,151
psp:person:6621,Karel Havlíček,https://www.psp.cz/eknih/cdrom/2025ps/eknih/2025ps/poslanci/i6621.jpg,ANO2011,ANO,Hlavní město Praha,0.4686098655,47,2230,1045,1185
psp:person:6240,Karel Tureček,https://www.psp.cz/eknih/cdrom/2025ps/eknih/2025ps/poslanci/i6240.jpg,ANO2011,ANO,Jihočeský,0.6968609865,70,2230,1554,676
psp:person:7005,Karin Gajdová,https://www.psp.cz/eknih/cdrom/2025ps/eknih/2025ps/poslanci/i7005.jpg,ANO2011,ANO,Moravskoslezský,0.9560538117,96,2230,2132,98
psp:person:6999,Katerina Demetrashvili,https://www.psp.cz/eknih/cdrom/2025ps/eknih/2025ps/poslanci/i6999.jpg,Česká pirátská strana,Piráti,Hlavní město Praha,0.7067264574,71,2230,1576,654
psp:person:7048,Kateřina Stojanová,https://www.psp.cz/eknih/cdrom/2025ps/eknih/2025ps/poslanci/i7048.jpg,Česká pirátská strana,Piráti,Ústecký,0.7448430493,74,2230,1661,569
psp:person:6172,Ladislav Okleštěk,https://www.psp.cz/eknih/cdrom/2025ps/eknih/2025ps/poslanci/i6172.jpg,ANO2011,ANO,Olomoucký,0.733632287,73,2230,1636,594
psp:person:6431,Lenka Dražilová,https://www.psp.cz/eknih/cdrom/2025ps/eknih/2025ps/poslanci/i6431.jpg,ANO2011,ANO,Jihomoravský,0.7040358744,70,2230,1570,660
psp:person:7023,Lenka Martínková Španihelová,https://www.psp.cz/eknih/cdrom/2025ps/eknih/2025ps/poslanci/i7023.jpg,Česká pirátská strana,Piráti,Pardubický,0.8053811659,81,2230,1796,434
psp:person:7106,Libor Forman,https://www.psp.cz/eknih/cdrom/2025ps/eknih/2025ps/poslanci/i7106.jpg,Motoristé sobě,Motoristé,Vysočina,0.9099190283,91,988,899,89
psp:person:6693,Libor Hoppe,https://www.psp.cz/eknih/cdrom/2025ps/eknih/2025ps/poslanci/i6693.jpg,Spolu,ODS,Jihomoravský,0.5582959641,56,2230,1245,985
psp:person:6787,Libor Turek,https://www.psp.cz/eknih/cdrom/2025ps/eknih/2025ps/poslanci/i6787.jpg,Spolu,ODS,Ústecký,0.8466367713,85,2230,1888,342
psp:person:7058,Libor Vondráček,https://www.psp.cz/eknih/cdrom/2025ps/eknih/2025ps/poslanci/i7058.jpg,Svoboda a prima demokracie - Tomio Okamura,SPD,Jihočeský,0.8762331839,88,2230,1954,276
psp:person:6544,Lubomír Metnar,https://www.psp.cz/eknih/cdrom/2025ps/eknih/2025ps/poslanci/i6544.jpg,ANO2011,ANO,Olomoucký,0.6713004484,67,2230,1497,733
psp:person:6730,Lubomír Wenzl,https://www.psp.cz/eknih/cdrom/2025ps/eknih/2025ps/poslanci/i6730.jpg,ANO2011,ANO,Jihomoravský,0.9372197309,94,2230,2090,140
psp:person:6989,Lucie Bartošová,https://www.psp.cz/eknih/cdrom/2025ps/eknih/2025ps/poslanci/i6989.jpg,Spolu,ODS,Liberecký,0.7847533632,78,2230,1750,480
psp:person:7042,Lucie Sedmihradská,https://www.psp.cz/eknih/cdrom/2025ps/eknih/2025ps/poslanci/i7042.jpg,Starostove a nezavisli,STAN,Hlavní město Praha,0.7103139013,71,2230,1584,646
psp:person:6479,Lucie Šafránková,https://www.psp.cz/eknih/cdrom/2025ps/eknih/2025ps/poslanci/i6479.jpg,Svoboda a prima demokracie - Tomio Okamura,SPD,Jihomoravský,0.9932735426,99,2230,2215,15
psp:person:6789,Lukáš Vlček,https://www.psp.cz/eknih/cdrom/2025ps/eknih/2025ps/poslanci/i6789.jpg,Starostove a nezavisli,STAN,Vysočina,0.8067264574,81,2230,1799,431
psp:person:4,Marek Benda,https://www.psp.cz/eknih/cdrom/2025ps/eknih/2025ps/poslanci/i4.jpg,Spolu,ODS,Hlavní město Praha,0.7986547085,80,2230,1781,449
psp:person:6533,Marek Novák,https://www.psp.cz/eknih/cdrom/2025ps/eknih/2025ps/poslanci/i6533.jpg,ANO2011,ANO,Zlínský,0.9860986547,99,2230,2199,31
psp:person:6513,Marek Výborný,https://www.psp.cz/eknih/cdrom/2025ps/eknih/2025ps/poslanci/i6513.jpg,Spolu,KDU-ČSL,Pardubický,0.8390134529,84,2230,1871,359
psp:person:6154,Marek Ženíšek,https://www.psp.cz/eknih/cdrom/2025ps/eknih/2025ps/poslanci/i6154.jpg,Spolu,TOP 09,Plzeňský,0.7286995516,73,2230,1625,605
psp:person:6205,Marian Jurečka,https://www.psp.cz/eknih/cdrom/2025ps/eknih/2025ps/poslanci/i6205.jpg,Spolu,KDU-ČSL,Olomoucký,0.6605381166,66,2230,1473,757
psp:person:7018,Marie Kršková,https://www.psp.cz/eknih/cdrom/2025ps/eknih/2025ps/poslanci/i7018.jpg,Spolu,KDU-ČSL,Pardubický,0.8825112108,88,2230,1968,262
psp:person:6745,Marie Pošarová,https://www.psp.cz/eknih/cdrom/2025ps/eknih/2025ps/poslanci/i6745.jpg,Svoboda a prima demokracie - Tomio Okamura,SPD,Plzeňský,0.899103139,90,2230,2005,225
psp:person:7047,Markéta Šichtařová,https://www.psp.cz/eknih/cdrom/2025ps/eknih/2025ps/poslanci/i7047.jpg,Svoboda a prima demokracie - Tomio Okamura,SPD,Hlavní město Praha,0.5811023622,58,635,369,266
psp:person:6435,Martin Baxa,https://www.psp.cz/eknih/cdrom/2025ps/eknih/2025ps/poslanci/i6435.jpg,Spolu,ODS,Plzeňský,0.8538116592,85,2230,1904,326
psp:person:6211,Martin Kolovratník,https://www.psp.cz/eknih/cdrom/2025ps/eknih/2025ps/poslanci/i6211.jpg,ANO2011,ANO,Pardubický,0.6739910314,67,2230,1503,727
psp:person:7021,Martin Kupec,https://www.psp.cz/eknih/cdrom/2025ps/eknih/2025ps/poslanci/i7021.jpg,ANO2011,ANO,Jihočeský,0.9147982063,91,2230,2040,190
psp:person:6538,Martin Kupka,https://www.psp.cz/eknih/cdrom/2025ps/eknih/2025ps/poslanci/i6538.jpg,Spolu,ODS,Středočeský,0.5457399103,55,2230,1217,1013
psp:person:7062,Martin Záhoř,https://www.psp.cz/eknih/cdrom/2025ps/eknih/2025ps/poslanci/i7062.jpg,ANO2011,ANO,Plzeňský,0.9520179372,95,2230,2123,107
psp:person:7065,Martin Šmída,https://www.psp.cz/eknih/cdrom/2025ps/eknih/2025ps/poslanci/i7065.jpg,Česká pirátská strana,Piráti,Olomoucký,0.7652645862,77,2211,1692,519
psp:person:7006,Matěj Gregor,https://www.psp.cz/eknih/cdrom/2025ps/eknih/2025ps/poslanci/i7006.jpg,Motoristé sobě,Motoristé,Moravskoslezský,0.7479820628,75,2230,1668,562
psp:person:7011,Matěj Hlavatý,https://www.psp.cz/eknih/cdrom/2025ps/eknih/2025ps/poslanci/i7011.jpg,Starostove a nezavisli,STAN,Královéhradecký,0.7134529148,71,2230,1591,639
psp:person:6754,Matěj Ondřej Havel,https://www.psp.cz/eknih/cdrom/2025ps/eknih/2025ps/poslanci/i6754.jpg,Spolu,TOP 09,Královéhradecký,0.6094170404,61,2230,1359,871
psp:person:7024,Michaela Moricová,https://www.psp.cz/eknih/cdrom/2025ps/eknih/2025ps/poslanci/i7024.jpg,Česká pirátská strana,Piráti,Moravskoslezský,0.7780269058,78,2230,1735,495
psp:person:6767,Michaela Řehková,https://www.psp.cz/eknih/cdrom/2025ps/eknih/2025ps/poslanci/i6767.jpg,Starostove a nezavisli,STAN,Plzeňský,0.6067264574,61,2230,1353,877
psp:person:6763,Michaela Šebelová,https://www.psp.cz/eknih/cdrom/2025ps/eknih/2025ps/poslanci/i6763.jpg,Starostove a nezavisli,STAN,Moravskoslezský,0.8506726457,85,2230,1897,333
psp:person:6216,Michal Kučera,https://www.psp.cz/eknih/cdrom/2025ps/eknih/2025ps/poslanci/i6216.jpg,Spolu,TOP 09,Ústecký,0.7565022422,76,2230,1687,543
psp:person:6523,Michal Ratiborský,https://www.psp.cz/eknih/cdrom/2025ps/eknih/2025ps/poslanci/i6523.jpg,ANO2011,ANO,Moravskoslezský,0.8780269058,88,2230,1958,272
psp:person:6796,Michal Zuna,https://www.psp.cz/eknih/cdrom/2025ps/eknih/2025ps/poslanci/i6796.jpg,Spolu,TOP 09,Hlavní město Praha,0.8717488789,87,2230,1944,286
psp:person:6185,Milan Brázdil,https://www.psp.cz/eknih/cdrom/2025ps/eknih/2025ps/poslanci/i6185.jpg,ANO2011,ANO,Olomoucký,0.8977578475,90,2230,2002,228
psp:person:6201,Miloslav Janulík,https://www.psp.cz/eknih/cdrom/2025ps/eknih/2025ps/poslanci/i6201.jpg,ANO2011,ANO,Jihomoravský,0.9708520179,97,2230,2165,65
psp:person:7016,Miroslav Krejčí,https://www.psp.cz/eknih/cdrom/2025ps/eknih/2025ps/poslanci/i7016.jpg,Motoristé sobě,Motoristé,Jihočeský,0.8569506726,86,2230,1911,319
psp:person:6688,Miroslav Samaš,https://www.psp.cz/eknih/cdrom/2025ps/eknih/2025ps/poslanci/i6688.jpg,ANO2011,ANO,Středočeský,0.9941704036,99,2230,2217,13
psp:person:6064,Miroslav Ševčík,https://www.psp.cz/eknih/cdrom/2025ps/eknih/2025ps/poslanci/i6064.jpg,Svoboda a prima demokracie - Tomio Okamura,SPD,Jihomoravský,0.7529147982,75,2230,1679,551
psp:person:7064,Miroslav Žbánek,https://www.psp.cz/eknih/cdrom/2025ps/eknih/2025ps/poslanci/i7064.jpg,ANO2011,ANO,Olomoucký,0.9183856502,92,2230,2048,182
psp:person:6994,Monika Brzesková,https://www.psp.cz/eknih/cdrom/2025ps/eknih/2025ps/poslanci/i6994.jpg,Spolu,KDU-ČSL,Moravskoslezský,0.7704035874,77,2230,1718,512
psp:person:7007,Monika Hubíková,https://www.psp.cz/eknih/cdrom/2025ps/eknih/2025ps/poslanci/i7007.jpg,ANO2011,ANO,Zlínský,0.9116591928,91,2230,2033,197
psp:person:6475,Monika Oborná,https://www.psp.cz/eknih/cdrom/2025ps/eknih/2025ps/poslanci/i6475.jpg,ANO2011,ANO,Vysočina,0.8582959641,86,2230,1914,316
psp:person:6473,Olga Richterová,https://www.psp.cz/eknih/cdrom/2025ps/eknih/2025ps/poslanci/i6473.jpg,Česká pirátská strana,Piráti,Hlavní město Praha,0.899103139,90,2230,2005,225
psp:person:6623,Ondřej Babka,https://www.psp.cz/eknih/cdrom/2025ps/eknih/2025ps/poslanci/i6623.jpg,ANO2011,ANO,Jihočeský,0.9847533632,98,2230,2196,34
psp:person:7010,Oto Klempíř,https://www.psp.cz/eknih/cdrom/2025ps/eknih/2025ps/poslanci/i7010.jpg,Motoristé sobě,Motoristé,Plzeňský,0.6058295964,61,2230,1351,879
psp:person:7060,Otto Vopěnka,https://www.psp.cz/eknih/cdrom/2025ps/eknih/2025ps/poslanci/i7060.jpg,ANO2011,ANO,Vysočina,0.9923766816,99,2230,2213,17
psp:person:6487,Patrik Nacher,https://www.psp.cz/eknih/cdrom/2025ps/eknih/2025ps/poslanci/i6487.jpg,ANO2011,ANO,Hlavní město Praha,0.8659192825,87,2230,1931,299
psp:person:7031,Patrik Pařil,https://www.psp.cz/eknih/cdrom/2025ps/eknih/2025ps/poslanci/i7031.jpg,ANO2011,ANO,Jihomoravský,0.8829596413,88,2230,1969,261
psp:person:6988,Pavel Bartoň,https://www.psp.cz/eknih/cdrom/2025ps/eknih/2025ps/poslanci/i6988.jpg,ANO2011,ANO,Zlínský,0.9372197309,94,2230,2090,140
psp:person:6603,Pavel Karpíšek,https://www.psp.cz/eknih/cdrom/2025ps/eknih/2025ps/poslanci/i6603.jpg,Spolu,ODS,Plzeňský,0.5394618834,54,2230,1203,1027
psp:person:7029,Pavel Outrata,https://www.psp.cz/eknih/cdrom/2025ps/eknih/2025ps/poslanci/i7029.jpg,ANO2011,ANO,Jihomoravský,0.8421524664,84,2230,1878,352
psp:person:6520,Pavel Růžička,https://www.psp.cz/eknih/cdrom/2025ps/eknih/2025ps/poslanci/i6520.jpg,ANO2011,ANO,Ústecký,0.9946188341,99,2230,2218,12
psp:person:5226,Pavel Žáček,https://www.psp.cz/eknih/cdrom/2025ps/eknih/2025ps/poslanci/i5226.jpg,Spolu,ODS,Hlavní město Praha,0.6408071749,64,2230,1429,801
psp:person:6762,Pavla Pivoňka Vaňková,https://www.psp.cz/eknih/cdrom/2025ps/eknih/2025ps/poslanci/i6762.jpg,Starostove a nezavisli,STAN,Jihočeský,0.7358744395,74,2230,1641,589
psp:person:346,Petr Bendl,https://www.psp.cz/eknih/cdrom/2025ps/eknih/2025ps/poslanci/i346.jpg,Spolu,ODS,Středočeský,0.7896860987,79,2230,1761,469
psp:person:6074,Petr Fiala,https://www.psp.cz/eknih/cdrom/2025ps/eknih/2025ps/poslanci/i6074.jpg,Spolu,ODS,Jihomoravský,0.6596412556,66,2230,1471,759
psp:person:6881,Petr Hladík,https://www.psp.cz/eknih/cdrom/2025ps/eknih/2025ps/poslanci/i6881.jpg,Spolu,KDU-ČSL,Jihomoravský,0.8080717489,81,2230,1802,428
psp:person:7014,Petr Kowanda,https://www.psp.cz/eknih/cdrom/2025ps/eknih/2025ps/poslanci/i7014.jpg,ANO2011,ANO,Středočeský,0.9556053812,96,2230,2131,99
psp:person:7019,Petr Kubis,https://www.psp.cz/eknih/cdrom/2025ps/eknih/2025ps/poslanci/i7019.jpg,ANO2011,ANO,Karlovarský,0.0,0,2,0,2
psp:person:7022,Petr Macinka,https://www.psp.cz/eknih/cdrom/2025ps/eknih/2025ps/poslanci/i7022.jpg,Motoristé sobě,Motoristé,Jihomoravský,0.5062780269,51,2230,1129,1101
psp:person:6518,Petr Sadovský,https://www.psp.cz/eknih/cdrom/2025ps/eknih/2025ps/poslanci/i6518.jpg,ANO2011,ANO,Královéhradecký,0.9139013453,91,2230,2038,192
psp:person:7045,Petr Sokol,https://www.psp.cz/eknih/cdrom/2025ps/eknih/2025ps/poslanci/i7045.jpg,Spolu,ODS,Olomoucký,0.7910313901,79,2230,1764,466
psp:person:6490,Petr Vrána,https://www.psp.cz/eknih/cdrom/2025ps/eknih/2025ps/poslanci/i6490.jpg,ANO2011,ANO,Olomoucký,0.9995515695,100,2230,2229,1
psp:person:6508,Radek Koten,https://www.psp.cz/eknih/cdrom/2025ps/eknih/2025ps/poslanci/i6508.jpg,Svoboda a prima demokracie - Tomio Okamura,SPD,Vysočina,0.7533632287,75,2230,1680,550
psp:person:6165,Radek Vondráček,https://www.psp.cz/eknih/cdrom/2025ps/eknih/2025ps/poslanci/i6165.jpg,ANO2011,ANO,Zlínský,0.831838565,83,2230,1855,375
psp:person:5459,Radim Fiala,https://www.psp.cz/eknih/cdrom/2025ps/eknih/2025ps/poslanci/i5459.jpg,Svoboda a prima demokracie - Tomio Okamura,SPD,Olomoucký,0.7587443946,76,2230,1692,538
psp:person:6770,Renata Oulehlová,https://www.psp.cz/eknih/cdrom/2025ps/eknih/2025ps/poslanci/i6770.jpg,ANO2011,ANO,Karlovarský,0.9098654709,91,2230,2029,201
psp:person:7054,Renata Vesecká,https://www.psp.cz/eknih/cdrom/2025ps/eknih/2025ps/poslanci/i7054.jpg,Motoristé sobě,Motoristé,Královéhradecký,0.8968609865,90,2230,2000,230
psp:person:6793,Renáta Zajíčková,https://www.psp.cz/eknih/cdrom/2025ps/eknih/2025ps/poslanci/i6793.jpg,Spolu,ODS,Hlavní město Praha,0.6910313901,69,2230,1541,689
psp:person:6184,Richard Brabec,https://www.psp.cz/eknih/cdrom/2025ps/eknih/2025ps/poslanci/i6184.jpg,ANO2011,ANO,Ústecký,0.0,0,2,0,2
psp:person:6509,Robert Králíček,https://www.psp.cz/eknih/cdrom/2025ps/eknih/2025ps/poslanci/i6509.jpg,ANO2011,ANO,Hlavní město Praha,0.7399103139,74,2230,1650,580
psp:person:6549,Robert Plaga,https://www.psp.cz/eknih/cdrom/2025ps/eknih/2025ps/poslanci/i6549.jpg,ANO2011,ANO,Středočeský,0.4031390135,40,2230,899,1331
psp:person:6743,Robert Stržínek,https://www.psp.cz/eknih/cdrom/2025ps/eknih/2025ps/poslanci/i6743.jpg,ANO2011,ANO,Zlínský,0.9843049327,98,2230,2195,35
psp:person:6215,Roman Kubíček,https://www.psp.cz/eknih/cdrom/2025ps/eknih/2025ps/poslanci/i6215.jpg,ANO2011,ANO,Jihočeský,0.9735426009,97,2230,2171,59
psp:person:7063,Roman Zarzycký,https://www.psp.cz/eknih/cdrom/2025ps/eknih/2025ps/poslanci/i7063.jpg,ANO2011,ANO,Plzeňský,0.0,0,2,0,2
psp:person:6786,Róbert Teleky,https://www.psp.cz/eknih/cdrom/2025ps/eknih/2025ps/poslanci/i6786.jpg,Spolu,KDU-ČSL,Zlínský,0.8246636771,82,2230,1839,391
psp:person:7057,Samuel Volpe,https://www.psp.cz/eknih/cdrom/2025ps/eknih/2025ps/poslanci/i7057.jpg,Česká pirátská strana,Piráti,Středočeský,0.7735426009,77,2230,1725,505
psp:person:6451,Stanislav Fridrich,https://www.psp.cz/eknih/cdrom/2025ps/eknih/2025ps/poslanci/i6451.jpg,ANO2011,ANO,Moravskoslezský,0.8506726457,85,2230,1897,333
psp:person:6468,Taťána Malá,https://www.psp.cz/eknih/cdrom/2025ps/eknih/2025ps/poslanci/i6468.jpg,ANO2011,ANO,Jihomoravský,0.9609865471,96,2230,2143,87
psp:person:6555,Tom Philipp,https://www.psp.cz/eknih/cdrom/2025ps/eknih/2025ps/poslanci/i6555.jpg,Spolu,KDU-ČSL,Hlavní město Praha,0.734529148,73,2230,1638,592
psp:person:6105,Tomio Okamura,https://www.psp.cz/eknih/cdrom/2025ps/eknih/2025ps/poslanci/i6105.jpg,Svoboda a prima demokracie - Tomio Okamura,SPD,Středočeský,0.898206278,90,2230,2003,227
psp:person:7001,Tomáš Doležal,https://www.psp.cz/eknih/cdrom/2025ps/eknih/2025ps/poslanci/i7001.jpg,Svoboda a prima demokracie - Tomio Okamura,SPD,Středočeský,0.9919282511,99,2230,2212,18
psp:person:6756,Tomáš Helebrant,https://www.psp.cz/eknih/cdrom/2025ps/eknih/2025ps/poslanci/i6756.jpg,ANO2011,ANO,Středočeský,0.9878923767,99,2230,2203,27
psp:person:6506,Tomáš Kohoutek,https://www.psp.cz/eknih/cdrom/2025ps/eknih/2025ps/poslanci/i6506.jpg,ANO2011,ANO,Ústecký,0.9322869955,93,2230,2079,151
psp:person:7051,Vendula Svobodová,https://www.psp.cz/eknih/cdrom/2025ps/eknih/2025ps/poslanci/i7051.jpg,Česká pirátská strana,Piráti,Jihomoravský,0.7914798206,79,2230,1765,465
psp:person:7013,Veronika Kovářová,https://www.psp.cz/eknih/cdrom/2025ps/eknih/2025ps/poslanci/i7013.jpg,Česká pirátská strana,Piráti,Jihočeský,0.8538116592,85,2230,1904,326
psp:person:7012,Vladimír Kolek,https://www.psp.cz/eknih/cdrom/2025ps/eknih/2025ps/poslanci/i7012.jpg,ANO2011,ANO,Moravskoslezský,0.9488789238,95,2230,2116,114
psp:person:7034,Vladimír Pikora,https://www.psp.cz/eknih/cdrom/2025ps/eknih/2025ps/poslanci/i7034.jpg,Motoristé sobě,Motoristé,Ústecký,0.633632287,63,2230,1413,817
psp:person:7066,Vlastimil Hebr,https://www.psp.cz/eknih/cdrom/2025ps/eknih/2025ps/poslanci/i7066.jpg,ANO2011,ANO,Plzeňský,0.9968581688,100,2228,2221,7
psp:person:6482,Vlastimil Válek,https://www.psp.cz/eknih/cdrom/2025ps/eknih/2025ps/poslanci/i6482.jpg,Spolu,TOP 09,Jihomoravský,0.7071748879,71,2230,1577,653
psp:person:7017,Vojtěch Krňanský,https://www.psp.cz/eknih/cdrom/2025ps/eknih/2025ps/poslanci/i7017.jpg,Motoristé sobě,Motoristé,Pardubický,0.6089686099,61,2230,1358,872
psp:person:6486,Vojtěch Munzar,https://www.psp.cz/eknih/cdrom/2025ps/eknih/2025ps/poslanci/i6486.jpg,Spolu,ODS,Středočeský,0.7103139013,71,2230,1584,646
psp:person:7036,Václav Pláteník,https://www.psp.cz/eknih/cdrom/2025ps/eknih/2025ps/poslanci/i7036.jpg,Spolu,KDU-ČSL,Zlínský,0.9022421525,90,2230,2012,218
psp:person:7053,Václav Trojan,https://www.psp.cz/eknih/cdrom/2025ps/eknih/2025ps/poslanci/i7053.jpg,ANO2011,ANO,Jihomoravský,0.83632287,84,2230,1865,365
psp:person:6524,Vít Rakušan,https://www.psp.cz/eknih/cdrom/2025ps/eknih/2025ps/poslanci/i6524.jpg,Starostove a nezavisli,STAN,Středočeský,0.6609865471,66,2230,1474,756
psp:person:7039,Vítězslav Schrek,https://www.psp.cz/eknih/cdrom/2025ps/eknih/2025ps/poslanci/i7039.jpg,Spolu,ODS,Vysočina,0.8959641256,90,2230,1998,232
psp:person:6254,Věra Adámková,https://www.psp.cz/eknih/cdrom/2025ps/eknih/2025ps/poslanci/i6254.jpg,ANO2011,ANO,Hlavní město Praha,0.9255605381,93,2230,2064,166
psp:person:6214,Věra Kovářová,https://www.psp.cz/eknih/cdrom/2025ps/eknih/2025ps/poslanci/i6214.jpg,Starostove a nezavisli,STAN,Středočeský,0.8147982063,81,2230,1817,413
psp:person:7008,Zdena Kašparová,https://www.psp.cz/eknih/cdrom/2025ps/eknih/2025ps/poslanci/i7008.jpg,Starostove a nezavisli,STAN,Olomoucký,0.8085201794,81,2230,1803,427
psp:person:6804,Zdenka Němečková Crkvenjaš,https://www.psp.cz/eknih/cdrom/2025ps/eknih/2025ps/poslanci/i6804.jpg,Spolu,ODS,Moravskoslezský,0.630941704,63,2230,1407,823
psp:person:6552,Zdeněk Hřib,https://www.psp.cz/eknih/cdrom/2025ps/eknih/2025ps/poslanci/i6552.jpg,Česká pirátská strana,Piráti,Hlavní město Praha,0.7874439462,79,2230,1756,474
psp:person:6992,Zdeňka Blišťanová,https://www.psp.cz/eknih/cdrom/2025ps/eknih/2025ps/poslanci/i6992.jpg,Spolu,TOP 09,Olomoucký,0.8246636771,82,2230,1839,391
psp:person:6467,Zuzana Majerová,https://www.psp.cz/eknih/cdrom/2025ps/eknih/2025ps/poslanci/i6467.jpg,Svoboda a prima demokracie - Tomio Okamura,SPD,Zlínský,0.5789237668,58,2230,1291,939
psp:person:7040,Zuzana Mrázová,https://www.psp.cz/eknih/cdrom/2025ps/eknih/2025ps/poslanci/i7040.jpg,ANO2011,ANO,Ústecký,0.7605381166,76,2230,1696,534
psp:person:6474,Zuzana Ožanová,https://www.psp.cz/eknih/cdrom/2025ps/eknih/2025ps/poslanci/i6474.jpg,ANO2011,ANO,Moravskoslezský,0.9910313901,99,2230,2210,20
psp:person:7043,Štěpán Slovák,https://www.psp.cz/eknih/cdrom/2025ps/eknih/2025ps/poslanci/i7043.jpg,Spolu,ODS,Zlínský,0.7385650224,74,2230,1647,583
psp:person:7020,Šárka Kučerová,https://www.psp.cz/eknih/cdrom/2025ps/eknih/2025ps/poslanci/i7020.jpg,Česká pirátská strana,Piráti,Olomoucký,0.0,0,19,0,19
