id,name,photo,candidate_list,group,constituency,govity,govity_percent,govity_total,govity_possible
psp:person:6491,Adam Vojtěch,https://www.psp.cz/eknih/cdrom/2025ps/eknih/2025ps/poslanci/i6491.jpg,ANO2011,ANO 2011,Jihočeský,0.990297,99.0,1735,1752
psp:person:6997,Adriana Chochelová,https://www.psp.cz/eknih/cdrom/2025ps/eknih/2025ps/poslanci/i6997.jpg,Starostove a nezavisli,Starostové a nezávislí,Středočeský,0.440101,44.0,698,1586
psp:person:6545,Alena Schillerová,https://www.psp.cz/eknih/cdrom/2025ps/eknih/2025ps/poslanci/i6545.jpg,ANO2011,ANO 2011,Jihomoravský,0.988987,98.9,1347,1362
psp:person:6463,Aleš Juchelka,https://www.psp.cz/eknih/cdrom/2025ps/eknih/2025ps/poslanci/i6463.jpg,ANO2011,ANO 2011,Moravskoslezský,0.996314,99.6,1622,1628
psp:person:6905,Andrea Hoffmannová,https://www.psp.cz/eknih/cdrom/2025ps/eknih/2025ps/poslanci/i6905.jpg,Česká pirátská strana,Piráti,Moravskoslezský,0.407267,40.7,538,1321
psp:person:6150,Andrej Babiš,https://www.psp.cz/eknih/cdrom/2025ps/eknih/2025ps/poslanci/i6150.jpg,ANO2011,ANO 2011,Moravskoslezský,0.985577,98.6,820,832
psp:person:7026,Anežka Nedomová,https://www.psp.cz/eknih/cdrom/2025ps/eknih/2025ps/poslanci/i7026.jpg,Starostove a nezavisli,Starostové a nezávislí,Pardubický,0.425014,42.5,785,1847
psp:person:7035,Barbora Pipášová,https://www.psp.cz/eknih/cdrom/2025ps/eknih/2025ps/poslanci/i7035.jpg,Česká pirátská strana,Piráti,Vysočina,0.437197,43.7,811,1855
psp:person:7038,Barbora Rázga,https://www.psp.cz/eknih/cdrom/2025ps/eknih/2025ps/poslanci/i7038.jpg,ANO2011,ANO 2011,Hlavní město Praha,0.993068,99.3,2149,2164
psp:person:6788,Barbora Urbanová,https://www.psp.cz/eknih/cdrom/2025ps/eknih/2025ps/poslanci/i6788.jpg,Starostove a nezavisli,Starostové a nezávislí,Středočeský,0.447099,44.7,786,1758
psp:person:6998,Benjamin Činčila,https://www.psp.cz/eknih/cdrom/2025ps/eknih/2025ps/poslanci/i6998.jpg,Spolu,KDU-ČSL,Vysočina,0.470718,47.1,852,1810
psp:person:6780,Berenika Peštová,https://www.psp.cz/eknih/cdrom/2025ps/eknih/2025ps/poslanci/i6780.jpg,ANO2011,ANO 2011,Ústecký,0.993151,99.3,1740,1752
psp:person:7028,Bohuslav Niemiec,https://www.psp.cz/eknih/cdrom/2025ps/eknih/2025ps/poslanci/i7028.jpg,Spolu,KDU-ČSL,Moravskoslezský,0.457114,45.7,890,1947
psp:person:5512,Boris Šťastný,https://www.psp.cz/eknih/cdrom/2025ps/eknih/2025ps/poslanci/i5512.jpg,Motoristé sobě,Motoristé sobě,Hlavní město Praha,0.980136,98.0,2023,2064
psp:person:6209,David Kasal,https://www.psp.cz/eknih/cdrom/2025ps/eknih/2025ps/poslanci/i6209.jpg,ANO2011,ANO 2011,Pardubický,0.996707,99.7,1816,1822
psp:person:6527,David Pražák,https://www.psp.cz/eknih/cdrom/2025ps/eknih/2025ps/poslanci/i6527.jpg,ANO2011,ANO 2011,Liberecký,0.991799,99.2,1935,1951
psp:person:6484,David Štolpa,https://www.psp.cz/eknih/cdrom/2025ps/eknih/2025ps/poslanci/i6484.jpg,ANO2011,ANO 2011,Jihomoravský,0.996277,99.6,2141,2149
psp:person:7000,Denis Doksanský,https://www.psp.cz/eknih/cdrom/2025ps/eknih/2025ps/poslanci/i7000.jpg,ANO2011,ANO 2011,Královéhradecký,0.990355,99.0,1951,1970
psp:person:6991,Drahomír Blažej,https://www.psp.cz/eknih/cdrom/2025ps/eknih/2025ps/poslanci/i6991.jpg,ANO2011,ANO 2011,Středočeský,0.98943,98.9,2153,2176
psp:person:6782,Drahoslav Ryba,https://www.psp.cz/eknih/cdrom/2025ps/eknih/2025ps/poslanci/i6782.jpg,ANO2011,ANO 2011,Vysočina,0.982965,98.3,2135,2172
psp:person:6766,Eliška Olšáková,https://www.psp.cz/eknih/cdrom/2025ps/eknih/2025ps/poslanci/i6766.jpg,Starostove a nezavisli,Starostové a nezávislí,Zlínský,0.443698,44.4,859,1936
psp:person:7061,Ester Weimerová,https://www.psp.cz/eknih/cdrom/2025ps/eknih/2025ps/poslanci/i7061.jpg,Starostove a nezavisli,Starostové a nezávislí,Moravskoslezský,0.44685,44.7,908,2032
psp:person:6727,Eva Decroix,https://www.psp.cz/eknih/cdrom/2025ps/eknih/2025ps/poslanci/i6727.jpg,Spolu,ODS,Vysočina,0.464481,46.4,595,1281
psp:person:6457,Eva Fialová,https://www.psp.cz/eknih/cdrom/2025ps/eknih/2025ps/poslanci/i6457.jpg,ANO2011,ANO 2011,Ústecký,0.995394,99.5,2161,2171
psp:person:7046,Eva Šrámková,https://www.psp.cz/eknih/cdrom/2025ps/eknih/2025ps/poslanci/i7046.jpg,Česká pirátská strana,Piráti,Plzeňský,0.455592,45.6,831,1824
psp:person:7059,Filip Turek,https://www.psp.cz/eknih/cdrom/2025ps/eknih/2025ps/poslanci/i7059.jpg,Motoristé sobě,Motoristé sobě,Středočeský,0.977918,97.8,1240,1268
psp:person:6995,František Bureš,https://www.psp.cz/eknih/cdrom/2025ps/eknih/2025ps/poslanci/i6995.jpg,ANO2011,ANO 2011,Středočeský,0.99141,99.1,2193,2212
psp:person:6409,František Petrtýl,https://www.psp.cz/eknih/cdrom/2025ps/eknih/2025ps/poslanci/i6409.jpg,ANO2011,ANO 2011,Středočeský,0.99505,99.5,2211,2222
psp:person:7052,František Talíř,https://www.psp.cz/eknih/cdrom/2025ps/eknih/2025ps/poslanci/i7052.jpg,Spolu,KDU-ČSL,Jihočeský,0.440842,44.1,775,1758
psp:person:7041,Gabriela Sedláčková,https://www.psp.cz/eknih/cdrom/2025ps/eknih/2025ps/poslanci/i7041.jpg,Motoristé sobě,Motoristé sobě,Olomoucký,0.991189,99.1,2025,2043
psp:person:7049,Gabriela Svárovská,https://www.psp.cz/eknih/cdrom/2025ps/eknih/2025ps/poslanci/i7049.jpg,Česká pirátská strana,Piráti,Hlavní město Praha,0.445397,44.5,779,1749
psp:person:6986,Hana Ančincová,https://www.psp.cz/eknih/cdrom/2025ps/eknih/2025ps/poslanci/i6986.jpg,Česká pirátská strana,Piráti,Zlínský,0.455562,45.6,815,1789
psp:person:6769,Hayato Okamura,https://www.psp.cz/eknih/cdrom/2025ps/eknih/2025ps/poslanci/i6769.jpg,Spolu,KDU-ČSL,Hlavní město Praha,0.439101,43.9,703,1601
psp:person:5943,Helena Langšádlová,https://www.psp.cz/eknih/cdrom/2025ps/eknih/2025ps/poslanci/i5943.jpg,Spolu,TOP 09,Středočeský,0.440133,44.0,794,1804
psp:person:6168,Helena Válková,https://www.psp.cz/eknih/cdrom/2025ps/eknih/2025ps/poslanci/i6168.jpg,ANO2011,ANO 2011,Středočeský,0.989204,98.9,1466,1482
psp:person:6738,Hubert Lang,https://www.psp.cz/eknih/cdrom/2025ps/eknih/2025ps/poslanci/i6738.jpg,ANO2011,ANO 2011,Plzeňský,0.991447,99.1,1507,1520
psp:person:6758,Igor Hendrych,https://www.psp.cz/eknih/cdrom/2025ps/eknih/2025ps/poslanci/i6758.jpg,ANO2011,ANO 2011,Moravskoslezský,0.991974,99.2,2101,2118
psp:person:6996,Igor Červený,https://www.psp.cz/eknih/cdrom/2025ps/eknih/2025ps/poslanci/i6996.jpg,Motoristé sobě,Motoristé sobě,Středočeský,0.983587,98.4,1618,1645
psp:person:7003,Irena Ferčíková Konečná,https://www.psp.cz/eknih/cdrom/2025ps/eknih/2025ps/poslanci/i7003.jpg,Česká pirátská strana,Piráti,Jihomoravský,0.442211,44.2,704,1592
psp:person:7027,Irena Němcová,https://www.psp.cz/eknih/cdrom/2025ps/eknih/2025ps/poslanci/i7027.jpg,Svoboda a prima demokracie - Tomio Okamura,Svoboda a přímá demokracie,Královéhradecký,0.981161,98.1,1927,1964
psp:person:5700,Ivan Adamec,https://www.psp.cz/eknih/cdrom/2025ps/eknih/2025ps/poslanci/i5700.jpg,Spolu,ODS,Královéhradecký,0.511416,51.1,784,1533
psp:person:6433,Ivan Bartoš,https://www.psp.cz/eknih/cdrom/2025ps/eknih/2025ps/poslanci/i6433.jpg,Česká pirátská strana,Piráti,Středočeský,0.430666,43.1,705,1637
psp:person:6732,Ivana Mádlová,https://www.psp.cz/eknih/cdrom/2025ps/eknih/2025ps/poslanci/i6732.jpg,ANO2011,ANO 2011,Plzeňský,0.998614,99.9,2162,2165
psp:person:6459,Jakub Janda,https://www.psp.cz/eknih/cdrom/2025ps/eknih/2025ps/poslanci/i6459.jpg,Spolu,ODS,Moravskoslezský,0.525191,52.5,1032,1965
psp:person:7015,Jakub Krainer,https://www.psp.cz/eknih/cdrom/2025ps/eknih/2025ps/poslanci/i7015.jpg,Starostove a nezavisli,Starostové a nezávislí,Jihomoravský,0.428917,42.9,887,2068
psp:person:6178,Jan Bartošek,https://www.psp.cz/eknih/cdrom/2025ps/eknih/2025ps/poslanci/i6178.jpg,Spolu,KDU-ČSL,Jihočeský,0.478816,47.9,712,1487
psp:person:5379,Jan Bauer,https://www.psp.cz/eknih/cdrom/2025ps/eknih/2025ps/poslanci/i5379.jpg,Spolu,ODS,Jihočeský,0.497439,49.7,777,1562
psp:person:6722,Jan Berki,https://www.psp.cz/eknih/cdrom/2025ps/eknih/2025ps/poslanci/i6722.jpg,Starostove a nezavisli,Starostové a nezávislí,Liberecký,0.448847,44.9,895,1994
psp:person:5899,Jan Bureš,https://www.psp.cz/eknih/cdrom/2025ps/eknih/2025ps/poslanci/i5899.jpg,Spolu,ODS,Karlovarský,0.458856,45.9,842,1835
psp:person:6455,Jan Hrnčíř,https://www.psp.cz/eknih/cdrom/2025ps/eknih/2025ps/poslanci/i6455.jpg,Svoboda a prima demokracie - Tomio Okamura,Svoboda a přímá demokracie,Pardubický,0.975259,97.5,1695,1738
psp:person:6687,Jan Jakob,https://www.psp.cz/eknih/cdrom/2025ps/eknih/2025ps/poslanci/i6687.jpg,Spolu,TOP 09,Středočeský,0.413186,41.3,821,1987
psp:person:6537,Jan Lipavský,https://www.psp.cz/eknih/cdrom/2025ps/eknih/2025ps/poslanci/i6537.jpg,Spolu,ODS,Hlavní město Praha,0.471772,47.2,727,1541
psp:person:7030,Jan Papajanovský,https://www.psp.cz/eknih/cdrom/2025ps/eknih/2025ps/poslanci/i7030.jpg,Starostove a nezavisli,Starostové a nezávislí,Ústecký,0.488764,48.9,696,1424
psp:person:6500,Jan Richter,https://www.psp.cz/eknih/cdrom/2025ps/eknih/2025ps/poslanci/i6500.jpg,ANO2011,ANO 2011,Ústecký,0.996757,99.7,1844,1850
psp:person:6418,Jan Skopeček,https://www.psp.cz/eknih/cdrom/2025ps/eknih/2025ps/poslanci/i6418.jpg,Spolu,ODS,Středočeský,0.506536,50.7,930,1836
psp:person:7050,Jan Sviták,https://www.psp.cz/eknih/cdrom/2025ps/eknih/2025ps/poslanci/i7050.jpg,Starostove a nezavisli,Starostové a nezávislí,Liberecký,0.441933,44.2,567,1283
psp:person:6783,Jan Síla,https://www.psp.cz/eknih/cdrom/2025ps/eknih/2025ps/poslanci/i6783.jpg,Svoboda a prima demokracie - Tomio Okamura,Svoboda a přímá demokracie,Moravskoslezský,0.976178,97.6,1803,1847
psp:person:6719,Jana Bačíková,https://www.psp.cz/eknih/cdrom/2025ps/eknih/2025ps/poslanci/i6719.jpg,Spolu,ODS,Jihomoravský,0.486164,48.6,773,1590
psp:person:6723,Jana Berkovcová,https://www.psp.cz/eknih/cdrom/2025ps/eknih/2025ps/poslanci/i6723.jpg,ANO2011,ANO 2011,Královéhradecký,0.99477,99.5,1712,1721
psp:person:7068,Jana Demjanová,https://www.psp.cz/eknih/cdrom/2025ps/eknih/2025ps/poslanci/i7068.jpg,ANO2011,ANO 2011,Ústecký,0.997711,99.8,2179,2184
psp:person:7004,Jana Filipovičová,https://www.psp.cz/eknih/cdrom/2025ps/eknih/2025ps/poslanci/i7004.jpg,Spolu,KDU-ČSL,Jihomoravský,0.457295,45.7,771,1686
psp:person:6753,Jana Hanzlíková,https://www.psp.cz/eknih/cdrom/2025ps/eknih/2025ps/poslanci/i6753.jpg,ANO2011,ANO 2011,Pardubický,0.993654,99.4,2192,2206
psp:person:6466,Jana Krutáková,https://www.psp.cz/eknih/cdrom/2025ps/eknih/2025ps/poslanci/i6466.jpg,Starostove a nezavisli,Starostové a nezávislí,Jihomoravský,0.439361,43.9,797,1814
psp:person:7025,Jana Murová,https://www.psp.cz/eknih/cdrom/2025ps/eknih/2025ps/poslanci/i7025.jpg,ANO2011,ANO 2011,Moravskoslezský,0.994712,99.5,2069,2080
psp:person:6225,Jana Pastuchová,https://www.psp.cz/eknih/cdrom/2025ps/eknih/2025ps/poslanci/i6225.jpg,ANO2011,ANO 2011,Liberecký,0.989628,99.0,1622,1639
psp:person:7032,Jana Patková,https://www.psp.cz/eknih/cdrom/2025ps/eknih/2025ps/poslanci/i7032.jpg,Česká pirátská strana,Piráti,Královéhradecký,0.399207,39.9,705,1766
psp:person:5903,Jana Černochová,https://www.psp.cz/eknih/cdrom/2025ps/eknih/2025ps/poslanci/i5903.jpg,Spolu,ODS,Hlavní město Praha,0.498296,49.8,731,1467
psp:person:6190,Jaroslav Faltýnek,https://www.psp.cz/eknih/cdrom/2025ps/eknih/2025ps/poslanci/i6190.jpg,ANO2011,ANO 2011,Olomoucký,0.994852,99.5,1546,1554
psp:person:5911,Jaroslav Foldyna,https://www.psp.cz/eknih/cdrom/2025ps/eknih/2025ps/poslanci/i5911.jpg,Svoboda a prima demokracie - Tomio Okamura,Svoboda a přímá demokracie,Ústecký,0.960585,96.1,1511,1573
psp:person:7037,Jindřich Rajchl,https://www.psp.cz/eknih/cdrom/2025ps/eknih/2025ps/poslanci/i7037.jpg,Svoboda a prima demokracie - Tomio Okamura,Svoboda a přímá demokracie,Moravskoslezský,0.979484,97.9,1480,1511
psp:person:7056,Jitka Volfová,https://www.psp.cz/eknih/cdrom/2025ps/eknih/2025ps/poslanci/i7056.jpg,ANO2011,ANO 2011,Liberecký,0.995445,99.5,1967,1976
psp:person:7009,Jiřina Klčová,https://www.psp.cz/eknih/cdrom/2025ps/eknih/2025ps/poslanci/i7009.jpg,ANO2011,ANO 2011,Pardubický,0.992617,99.3,2151,2167
psp:person:6987,Jiří Barták,https://www.psp.cz/eknih/cdrom/2025ps/eknih/2025ps/poslanci/i6987.jpg,Motoristé sobě,Motoristé sobě,Zlínský,0.987261,98.7,1860,1884
psp:person:6993,Jiří Bouška,https://www.psp.cz/eknih/cdrom/2025ps/eknih/2025ps/poslanci/i6993.jpg,ANO2011,ANO 2011,Středočeský,0.977071,97.7,2088,2137
psp:person:6755,Jiří Havránek,https://www.psp.cz/eknih/cdrom/2025ps/eknih/2025ps/poslanci/i6755.jpg,Spolu,ODS,Středočeský,0.447051,44.7,667,1492
psp:person:6803,Jiří Horák,https://www.psp.cz/eknih/cdrom/2025ps/eknih/2025ps/poslanci/i6803.jpg,Spolu,KDU-ČSL,Jihomoravský,0.471201,47.1,859,1823
psp:person:7108,Jiří Kotlík,https://www.psp.cz/eknih/cdrom/2025ps/eknih/2025ps/poslanci/i7108.jpg,ANO2011,ANO 2011,Vysočina,1.0,100.0,716,716
psp:person:6534,Jiří Mašek,https://www.psp.cz/eknih/cdrom/2025ps/eknih/2025ps/poslanci/i6534.jpg,ANO2011,ANO 2011,Královéhradecký,0.991375,99.1,1954,1971
psp:person:7067,Jiří Penc,https://www.psp.cz/eknih/cdrom/2025ps/eknih/2025ps/poslanci/i7067.jpg,ANO2011,ANO 2011,Karlovarský,0.993135,99.3,2170,2185
psp:person:5273,Jiří Pospíšil,https://www.psp.cz/eknih/cdrom/2025ps/eknih/2025ps/poslanci/i5273.jpg,Spolu,TOP 09,Hlavní město Praha,0.414545,41.5,684,1650
psp:person:6515,Jiří Strýček,https://www.psp.cz/eknih/cdrom/2025ps/eknih/2025ps/poslanci/i6515.jpg,ANO2011,ANO 2011,Moravskoslezský,0.998521,99.9,2025,2028
psp:person:7033,Jiří Svoboda,https://www.psp.cz/eknih/cdrom/2025ps/eknih/2025ps/poslanci/i7033.jpg,ANO2011,ANO 2011,Moravskoslezský,0.990324,99.0,2047,2067
psp:person:7055,Jiří Vojáček,https://www.psp.cz/eknih/cdrom/2025ps/eknih/2025ps/poslanci/i7055.jpg,Spolu,KDU-ČSL,Královéhradecký,0.447386,44.7,659,1473
psp:person:6750,Josef Flek,https://www.psp.cz/eknih/cdrom/2025ps/eknih/2025ps/poslanci/i6750.jpg,Starostove a nezavisli,Starostové a nezávislí,Jihomoravský,0.470662,47.1,754,1602
psp:person:6246,Josef Kott,https://www.psp.cz/eknih/cdrom/2025ps/eknih/2025ps/poslanci/i6246.jpg,ANO2011,ANO 2011,Vysočina,0.979275,97.9,1323,1351
psp:person:6664,Josef Nerušil,https://www.psp.cz/eknih/cdrom/2025ps/eknih/2025ps/poslanci/i6664.jpg,Svoboda a prima demokracie - Tomio Okamura,Svoboda a přímá demokracie,Hlavní město Praha,0.972028,97.2,1251,1287
psp:person:6946,Josef Váňa,https://www.psp.cz/eknih/cdrom/2025ps/eknih/2025ps/poslanci/i6946.jpg,ANO2011,ANO 2011,Karlovarský,0.996564,99.7,1740,1746
psp:person:7044,Julie Smejkalová,https://www.psp.cz/eknih/cdrom/2025ps/eknih/2025ps/poslanci/i7044.jpg,Starostove a nezavisli,Starostové a nezávislí,Hlavní město Praha,0.449522,45.0,846,1882
psp:person:6447,Kamal Farhan,https://www.psp.cz/eknih/cdrom/2025ps/eknih/2025ps/poslanci/i6447.jpg,ANO2011,ANO 2011,Plzeňský,0.998119,99.8,2123,2127
psp:person:6990,Karel Beran,https://www.psp.cz/eknih/cdrom/2025ps/eknih/2025ps/poslanci/i6990.jpg,Motoristé sobě,Motoristé sobě,Vysočina,1.0,100.0,868,868
psp:person:7002,Karel Dvořák,https://www.psp.cz/eknih/cdrom/2025ps/eknih/2025ps/poslanci/i7002.jpg,Starostove a nezavisli,Starostové a nezávislí,Hlavní město Praha,0.47138,47.1,700,1485
psp:person:6751,Karel Haas,https://www.psp.cz/eknih/cdrom/2025ps/eknih/2025ps/poslanci/i6751.jpg,Spolu,ODS,Pardubický,0.523329,52.3,1088,2079
psp:person:6621,Karel Havlíček,https://www.psp.cz/eknih/cdrom/2025ps/eknih/2025ps/poslanci/i6621.jpg,ANO2011,ANO 2011,Hlavní město Praha,0.998086,99.8,1043,1045
psp:person:6240,Karel Tureček,https://www.psp.cz/eknih/cdrom/2025ps/eknih/2025ps/poslanci/i6240.jpg,ANO2011,ANO 2011,Jihočeský,0.996139,99.6,1548,1554
psp:person:7005,Karin Gajdová,https://www.psp.cz/eknih/cdrom/2025ps/eknih/2025ps/poslanci/i7005.jpg,ANO2011,ANO 2011,Moravskoslezský,0.999531,100.0,2131,2132
psp:person:6999,Katerina Demetrashvili,https://www.psp.cz/eknih/cdrom/2025ps/eknih/2025ps/poslanci/i6999.jpg,Česká pirátská strana,Piráti,Hlavní město Praha,0.442259,44.2,697,1576
psp:person:7048,Kateřina Stojanová,https://www.psp.cz/eknih/cdrom/2025ps/eknih/2025ps/poslanci/i7048.jpg,Česká pirátská strana,Piráti,Ústecký,0.452739,45.3,752,1661
psp:person:6172,Ladislav Okleštěk,https://www.psp.cz/eknih/cdrom/2025ps/eknih/2025ps/poslanci/i6172.jpg,ANO2011,ANO 2011,Olomoucký,0.995721,99.6,1629,1636
psp:person:6431,Lenka Dražilová,https://www.psp.cz/eknih/cdrom/2025ps/eknih/2025ps/poslanci/i6431.jpg,ANO2011,ANO 2011,Jihomoravský,0.994904,99.5,1562,1570
psp:person:7023,Lenka Martínková Španihelová,https://www.psp.cz/eknih/cdrom/2025ps/eknih/2025ps/poslanci/i7023.jpg,Česká pirátská strana,Piráti,Pardubický,0.431514,43.2,775,1796
psp:person:7106,Libor Forman,https://www.psp.cz/eknih/cdrom/2025ps/eknih/2025ps/poslanci/i7106.jpg,Motoristé sobě,Motoristé sobě,Vysočina,0.952169,95.2,856,899
psp:person:6693,Libor Hoppe,https://www.psp.cz/eknih/cdrom/2025ps/eknih/2025ps/poslanci/i6693.jpg,Spolu,ODS,Jihomoravský,0.48755,48.8,607,1245
psp:person:6787,Libor Turek,https://www.psp.cz/eknih/cdrom/2025ps/eknih/2025ps/poslanci/i6787.jpg,Spolu,ODS,Ústecký,0.506356,50.6,956,1888
psp:person:7058,Libor Vondráček,https://www.psp.cz/eknih/cdrom/2025ps/eknih/2025ps/poslanci/i7058.jpg,Svoboda a prima demokracie - Tomio Okamura,Svoboda a přímá demokracie,Jihočeský,0.983623,98.4,1922,1954
psp:person:6544,Lubomír Metnar,https://www.psp.cz/eknih/cdrom/2025ps/eknih/2025ps/poslanci/i6544.jpg,ANO2011,ANO 2011,Olomoucký,1.0,100.0,1497,1497
psp:person:6730,Lubomír Wenzl,https://www.psp.cz/eknih/cdrom/2025ps/eknih/2025ps/poslanci/i6730.jpg,ANO2011,ANO 2011,Jihomoravský,0.989952,99.0,2069,2090
psp:person:6989,Lucie Bartošová,https://www.psp.cz/eknih/cdrom/2025ps/eknih/2025ps/poslanci/i6989.jpg,Spolu,ODS,Liberecký,0.504571,50.5,883,1750
psp:person:7042,Lucie Sedmihradská,https://www.psp.cz/eknih/cdrom/2025ps/eknih/2025ps/poslanci/i7042.jpg,Starostove a nezavisli,Starostové a nezávislí,Hlavní město Praha,0.444444,44.4,704,1584
psp:person:6479,Lucie Šafránková,https://www.psp.cz/eknih/cdrom/2025ps/eknih/2025ps/poslanci/i6479.jpg,Svoboda a prima demokracie - Tomio Okamura,Svoboda a přímá demokracie,Jihomoravský,0.979684,98.0,2170,2215
psp:person:6789,Lukáš Vlček,https://www.psp.cz/eknih/cdrom/2025ps/eknih/2025ps/poslanci/i6789.jpg,Starostove a nezavisli,Starostové a nezávislí,Vysočina,0.422457,42.2,760,1799
psp:person:4,Marek Benda,https://www.psp.cz/eknih/cdrom/2025ps/eknih/2025ps/poslanci/i4.jpg,Spolu,ODS,Hlavní město Praha,0.546884,54.7,974,1781
psp:person:6533,Marek Novák,https://www.psp.cz/eknih/cdrom/2025ps/eknih/2025ps/poslanci/i6533.jpg,ANO2011,ANO 2011,Zlínský,0.982265,98.2,2160,2199
psp:person:6513,Marek Výborný,https://www.psp.cz/eknih/cdrom/2025ps/eknih/2025ps/poslanci/i6513.jpg,Spolu,KDU-ČSL,Pardubický,0.450027,45.0,842,1871
psp:person:6154,Marek Ženíšek,https://www.psp.cz/eknih/cdrom/2025ps/eknih/2025ps/poslanci/i6154.jpg,Spolu,TOP 09,Plzeňský,0.422769,42.3,687,1625
psp:person:6205,Marian Jurečka,https://www.psp.cz/eknih/cdrom/2025ps/eknih/2025ps/poslanci/i6205.jpg,Spolu,KDU-ČSL,Olomoucký,0.422267,42.2,622,1473
psp:person:7018,Marie Kršková,https://www.psp.cz/eknih/cdrom/2025ps/eknih/2025ps/poslanci/i7018.jpg,Spolu,KDU-ČSL,Pardubický,0.465447,46.5,916,1968
psp:person:6745,Marie Pošarová,https://www.psp.cz/eknih/cdrom/2025ps/eknih/2025ps/poslanci/i6745.jpg,Svoboda a prima demokracie - Tomio Okamura,Svoboda a přímá demokracie,Plzeňský,0.98005,98.0,1965,2005
psp:person:7047,Markéta Šichtařová,https://www.psp.cz/eknih/cdrom/2025ps/eknih/2025ps/poslanci/i7047.jpg,Svoboda a prima demokracie - Tomio Okamura,Svoboda a přímá demokracie,Hlavní město Praha,0.97561,97.6,360,369
psp:person:6435,Martin Baxa,https://www.psp.cz/eknih/cdrom/2025ps/eknih/2025ps/poslanci/i6435.jpg,Spolu,ODS,Plzeňský,0.49895,49.9,950,1904
psp:person:6211,Martin Kolovratník,https://www.psp.cz/eknih/cdrom/2025ps/eknih/2025ps/poslanci/i6211.jpg,ANO2011,ANO 2011,Pardubický,0.994677,99.5,1495,1503
psp:person:7021,Martin Kupec,https://www.psp.cz/eknih/cdrom/2025ps/eknih/2025ps/poslanci/i7021.jpg,ANO2011,ANO 2011,Jihočeský,0.983824,98.4,2007,2040
psp:person:6538,Martin Kupka,https://www.psp.cz/eknih/cdrom/2025ps/eknih/2025ps/poslanci/i6538.jpg,Spolu,ODS,Středočeský,0.396878,39.7,483,1217
psp:person:7062,Martin Záhoř,https://www.psp.cz/eknih/cdrom/2025ps/eknih/2025ps/poslanci/i7062.jpg,ANO2011,ANO 2011,Plzeňský,0.997174,99.7,2117,2123
psp:person:7065,Martin Šmída,https://www.psp.cz/eknih/cdrom/2025ps/eknih/2025ps/poslanci/i7065.jpg,Česká pirátská strana,Piráti,Olomoucký,0.408392,40.8,691,1692
psp:person:7006,Matěj Gregor,https://www.psp.cz/eknih/cdrom/2025ps/eknih/2025ps/poslanci/i7006.jpg,Motoristé sobě,Motoristé sobě,Moravskoslezský,0.978417,97.8,1632,1668
psp:person:7011,Matěj Hlavatý,https://www.psp.cz/eknih/cdrom/2025ps/eknih/2025ps/poslanci/i7011.jpg,Starostove a nezavisli,Starostové a nezávislí,Královéhradecký,0.434947,43.5,692,1591
psp:person:6754,Matěj Ondřej Havel,https://www.psp.cz/eknih/cdrom/2025ps/eknih/2025ps/poslanci/i6754.jpg,Spolu,TOP 09,Královéhradecký,0.501104,50.1,681,1359
psp:person:7024,Michaela Moricová,https://www.psp.cz/eknih/cdrom/2025ps/eknih/2025ps/poslanci/i7024.jpg,Česká pirátská strana,Piráti,Moravskoslezský,0.439769,44.0,763,1735
psp:person:6767,Michaela Řehková,https://www.psp.cz/eknih/cdrom/2025ps/eknih/2025ps/poslanci/i6767.jpg,Starostove a nezavisli,Starostové a nezávislí,Plzeňský,0.478197,47.8,647,1353
psp:person:6763,Michaela Šebelová,https://www.psp.cz/eknih/cdrom/2025ps/eknih/2025ps/poslanci/i6763.jpg,Starostove a nezavisli,Starostové a nezávislí,Moravskoslezský,0.426463,42.6,809,1897
psp:person:6216,Michal Kučera,https://www.psp.cz/eknih/cdrom/2025ps/eknih/2025ps/poslanci/i6216.jpg,Spolu,TOP 09,Ústecký,0.471251,47.1,795,1687
psp:person:6523,Michal Ratiborský,https://www.psp.cz/eknih/cdrom/2025ps/eknih/2025ps/poslanci/i6523.jpg,ANO2011,ANO 2011,Moravskoslezský,0.991828,99.2,1942,1958
psp:person:6796,Michal Zuna,https://www.psp.cz/eknih/cdrom/2025ps/eknih/2025ps/poslanci/i6796.jpg,Spolu,TOP 09,Hlavní město Praha,0.42284,42.3,822,1944
psp:person:6185,Milan Brázdil,https://www.psp.cz/eknih/cdrom/2025ps/eknih/2025ps/poslanci/i6185.jpg,ANO2011,ANO 2011,Olomoucký,0.9995,100.0,2001,2002
psp:person:6201,Miloslav Janulík,https://www.psp.cz/eknih/cdrom/2025ps/eknih/2025ps/poslanci/i6201.jpg,ANO2011,ANO 2011,Jihomoravský,0.996305,99.6,2157,2165
psp:person:7016,Miroslav Krejčí,https://www.psp.cz/eknih/cdrom/2025ps/eknih/2025ps/poslanci/i7016.jpg,Motoristé sobě,Motoristé sobě,Jihočeský,0.989534,99.0,1891,1911
psp:person:6688,Miroslav Samaš,https://www.psp.cz/eknih/cdrom/2025ps/eknih/2025ps/poslanci/i6688.jpg,ANO2011,ANO 2011,Středočeský,0.990528,99.1,2196,2217
psp:person:6064,Miroslav Ševčík,https://www.psp.cz/eknih/cdrom/2025ps/eknih/2025ps/poslanci/i6064.jpg,Svoboda a prima demokracie - Tomio Okamura,Svoboda a přímá demokracie,Jihomoravský,0.97022,97.0,1629,1679
psp:person:7064,Miroslav Žbánek,https://www.psp.cz/eknih/cdrom/2025ps/eknih/2025ps/poslanci/i7064.jpg,ANO2011,ANO 2011,Olomoucký,0.986816,98.7,2021,2048
psp:person:6994,Monika Brzesková,https://www.psp.cz/eknih/cdrom/2025ps/eknih/2025ps/poslanci/i6994.jpg,Spolu,KDU-ČSL,Moravskoslezský,0.469732,47.0,807,1718
psp:person:7007,Monika Hubíková,https://www.psp.cz/eknih/cdrom/2025ps/eknih/2025ps/poslanci/i7007.jpg,ANO2011,ANO 2011,Zlínský,0.992622,99.3,2018,2033
psp:person:6475,Monika Oborná,https://www.psp.cz/eknih/cdrom/2025ps/eknih/2025ps/poslanci/i6475.jpg,ANO2011,ANO 2011,Vysočina,0.995298,99.5,1905,1914
psp:person:6473,Olga Richterová,https://www.psp.cz/eknih/cdrom/2025ps/eknih/2025ps/poslanci/i6473.jpg,Česká pirátská strana,Piráti,Hlavní město Praha,0.43591,43.6,874,2005
psp:person:6623,Ondřej Babka,https://www.psp.cz/eknih/cdrom/2025ps/eknih/2025ps/poslanci/i6623.jpg,ANO2011,ANO 2011,Jihočeský,0.967213,96.7,2124,2196
psp:person:7010,Oto Klempíř,https://www.psp.cz/eknih/cdrom/2025ps/eknih/2025ps/poslanci/i7010.jpg,Motoristé sobě,Motoristé sobě,Plzeňský,0.997779,99.8,1348,1351
psp:person:7060,Otto Vopěnka,https://www.psp.cz/eknih/cdrom/2025ps/eknih/2025ps/poslanci/i7060.jpg,ANO2011,ANO 2011,Vysočina,0.986896,98.7,2184,2213
psp:person:6487,Patrik Nacher,https://www.psp.cz/eknih/cdrom/2025ps/eknih/2025ps/poslanci/i6487.jpg,ANO2011,ANO 2011,Hlavní město Praha,0.976696,97.7,1886,1931
psp:person:7031,Patrik Pařil,https://www.psp.cz/eknih/cdrom/2025ps/eknih/2025ps/poslanci/i7031.jpg,ANO2011,ANO 2011,Jihomoravský,0.996953,99.7,1963,1969
psp:person:6988,Pavel Bartoň,https://www.psp.cz/eknih/cdrom/2025ps/eknih/2025ps/poslanci/i6988.jpg,ANO2011,ANO 2011,Zlínský,0.980383,98.0,2049,2090
psp:person:6603,Pavel Karpíšek,https://www.psp.cz/eknih/cdrom/2025ps/eknih/2025ps/poslanci/i6603.jpg,Spolu,ODS,Plzeňský,0.54946,54.9,661,1203
psp:person:7029,Pavel Outrata,https://www.psp.cz/eknih/cdrom/2025ps/eknih/2025ps/poslanci/i7029.jpg,ANO2011,ANO 2011,Jihomoravský,0.99148,99.1,1862,1878
psp:person:6520,Pavel Růžička,https://www.psp.cz/eknih/cdrom/2025ps/eknih/2025ps/poslanci/i6520.jpg,ANO2011,ANO 2011,Ústecký,0.993688,99.4,2204,2218
psp:person:5226,Pavel Žáček,https://www.psp.cz/eknih/cdrom/2025ps/eknih/2025ps/poslanci/i5226.jpg,Spolu,ODS,Hlavní město Praha,0.545136,54.5,779,1429
psp:person:6762,Pavla Pivoňka Vaňková,https://www.psp.cz/eknih/cdrom/2025ps/eknih/2025ps/poslanci/i6762.jpg,Starostove a nezavisli,Starostové a nezávislí,Jihočeský,0.483851,48.4,794,1641
psp:person:346,Petr Bendl,https://www.psp.cz/eknih/cdrom/2025ps/eknih/2025ps/poslanci/i346.jpg,Spolu,ODS,Středočeský,0.499716,50.0,880,1761
psp:person:6074,Petr Fiala,https://www.psp.cz/eknih/cdrom/2025ps/eknih/2025ps/poslanci/i6074.jpg,Spolu,ODS,Jihomoravský,0.466349,46.6,686,1471
psp:person:6881,Petr Hladík,https://www.psp.cz/eknih/cdrom/2025ps/eknih/2025ps/poslanci/i6881.jpg,Spolu,KDU-ČSL,Jihomoravský,0.435072,43.5,784,1802
psp:person:7014,Petr Kowanda,https://www.psp.cz/eknih/cdrom/2025ps/eknih/2025ps/poslanci/i7014.jpg,ANO2011,ANO 2011,Středočeský,0.992023,99.2,2114,2131
psp:person:7019,Petr Kubis,https://www.psp.cz/eknih/cdrom/2025ps/eknih/2025ps/poslanci/i7019.jpg,ANO2011,ANO 2011,Karlovarský,,,0,0
psp:person:7022,Petr Macinka,https://www.psp.cz/eknih/cdrom/2025ps/eknih/2025ps/poslanci/i7022.jpg,Motoristé sobě,Motoristé sobě,Jihomoravský,0.997343,99.7,1126,1129
psp:person:6518,Petr Sadovský,https://www.psp.cz/eknih/cdrom/2025ps/eknih/2025ps/poslanci/i6518.jpg,ANO2011,ANO 2011,Královéhradecký,0.988714,98.9,2015,2038
psp:person:7045,Petr Sokol,https://www.psp.cz/eknih/cdrom/2025ps/eknih/2025ps/poslanci/i7045.jpg,Spolu,ODS,Olomoucký,0.505102,50.5,891,1764
psp:person:6490,Petr Vrána,https://www.psp.cz/eknih/cdrom/2025ps/eknih/2025ps/poslanci/i6490.jpg,ANO2011,ANO 2011,Olomoucký,0.997757,99.8,2224,2229
psp:person:6508,Radek Koten,https://www.psp.cz/eknih/cdrom/2025ps/eknih/2025ps/poslanci/i6508.jpg,Svoboda a prima demokracie - Tomio Okamura,Svoboda a přímá demokracie,Vysočina,0.97619,97.6,1640,1680
psp:person:6165,Radek Vondráček,https://www.psp.cz/eknih/cdrom/2025ps/eknih/2025ps/poslanci/i6165.jpg,ANO2011,ANO 2011,Zlínský,0.992453,99.2,1841,1855
psp:person:5459,Radim Fiala,https://www.psp.cz/eknih/cdrom/2025ps/eknih/2025ps/poslanci/i5459.jpg,Svoboda a prima demokracie - Tomio Okamura,Svoboda a přímá demokracie,Olomoucký,0.97695,97.7,1653,1692
psp:person:6770,Renata Oulehlová,https://www.psp.cz/eknih/cdrom/2025ps/eknih/2025ps/poslanci/i6770.jpg,ANO2011,ANO 2011,Karlovarský,0.997043,99.7,2023,2029
psp:person:7054,Renata Vesecká,https://www.psp.cz/eknih/cdrom/2025ps/eknih/2025ps/poslanci/i7054.jpg,Motoristé sobě,Motoristé sobě,Královéhradecký,0.9905,99.1,1981,2000
psp:person:6793,Renáta Zajíčková,https://www.psp.cz/eknih/cdrom/2025ps/eknih/2025ps/poslanci/i6793.jpg,Spolu,ODS,Hlavní město Praha,0.495782,49.6,764,1541
psp:person:6184,Richard Brabec,https://www.psp.cz/eknih/cdrom/2025ps/eknih/2025ps/poslanci/i6184.jpg,ANO2011,ANO 2011,Ústecký,,,0,0
psp:person:6509,Robert Králíček,https://www.psp.cz/eknih/cdrom/2025ps/eknih/2025ps/poslanci/i6509.jpg,ANO2011,ANO 2011,Hlavní město Praha,0.986667,98.7,1628,1650
psp:person:6549,Robert Plaga,https://www.psp.cz/eknih/cdrom/2025ps/eknih/2025ps/poslanci/i6549.jpg,ANO2011,ANO 2011,Středočeský,0.978865,97.9,880,899
psp:person:6743,Robert Stržínek,https://www.psp.cz/eknih/cdrom/2025ps/eknih/2025ps/poslanci/i6743.jpg,ANO2011,ANO 2011,Zlínský,0.994533,99.5,2183,2195
psp:person:6215,Roman Kubíček,https://www.psp.cz/eknih/cdrom/2025ps/eknih/2025ps/poslanci/i6215.jpg,ANO2011,ANO 2011,Jihočeský,0.995394,99.5,2161,2171
psp:person:7063,Roman Zarzycký,https://www.psp.cz/eknih/cdrom/2025ps/eknih/2025ps/poslanci/i7063.jpg,ANO2011,ANO 2011,Plzeňský,,,0,0
psp:person:6786,Róbert Teleky,https://www.psp.cz/eknih/cdrom/2025ps/eknih/2025ps/poslanci/i6786.jpg,Spolu,KDU-ČSL,Zlínský,0.457858,45.8,842,1839
psp:person:7057,Samuel Volpe,https://www.psp.cz/eknih/cdrom/2025ps/eknih/2025ps/poslanci/i7057.jpg,Česká pirátská strana,Piráti,Středočeský,0.434203,43.4,749,1725
psp:person:6451,Stanislav Fridrich,https://www.psp.cz/eknih/cdrom/2025ps/eknih/2025ps/poslanci/i6451.jpg,ANO2011,ANO 2011,Moravskoslezský,0.999473,99.9,1896,1897
psp:person:6468,Taťána Malá,https://www.psp.cz/eknih/cdrom/2025ps/eknih/2025ps/poslanci/i6468.jpg,ANO2011,ANO 2011,Jihomoravský,0.9958,99.6,2134,2143
psp:person:6555,Tom Philipp,https://www.psp.cz/eknih/cdrom/2025ps/eknih/2025ps/poslanci/i6555.jpg,Spolu,KDU-ČSL,Hlavní město Praha,0.406593,40.7,666,1638
psp:person:6105,Tomio Okamura,https://www.psp.cz/eknih/cdrom/2025ps/eknih/2025ps/poslanci/i6105.jpg,Svoboda a prima demokracie - Tomio Okamura,Svoboda a přímá demokracie,Středočeský,0.98003,98.0,1963,2003
psp:person:7001,Tomáš Doležal,https://www.psp.cz/eknih/cdrom/2025ps/eknih/2025ps/poslanci/i7001.jpg,Svoboda a prima demokracie - Tomio Okamura,Svoboda a přímá demokracie,Středočeský,0.980108,98.0,2168,2212
psp:person:6756,Tomáš Helebrant,https://www.psp.cz/eknih/cdrom/2025ps/eknih/2025ps/poslanci/i6756.jpg,ANO2011,ANO 2011,Středočeský,0.988198,98.8,2177,2203
psp:person:6506,Tomáš Kohoutek,https://www.psp.cz/eknih/cdrom/2025ps/eknih/2025ps/poslanci/i6506.jpg,ANO2011,ANO 2011,Ústecký,0.995671,99.6,2070,2079
psp:person:7051,Vendula Svobodová,https://www.psp.cz/eknih/cdrom/2025ps/eknih/2025ps/poslanci/i7051.jpg,Česká pirátská strana,Piráti,Jihomoravský,0.408499,40.8,721,1765
psp:person:7013,Veronika Kovářová,https://www.psp.cz/eknih/cdrom/2025ps/eknih/2025ps/poslanci/i7013.jpg,Česká pirátská strana,Piráti,Jihočeský,0.419643,42.0,799,1904
psp:person:7012,Vladimír Kolek,https://www.psp.cz/eknih/cdrom/2025ps/eknih/2025ps/poslanci/i7012.jpg,ANO2011,ANO 2011,Moravskoslezský,0.992439,99.2,2100,2116
psp:person:7034,Vladimír Pikora,https://www.psp.cz/eknih/cdrom/2025ps/eknih/2025ps/poslanci/i7034.jpg,Motoristé sobě,Motoristé sobě,Ústecký,0.943383,94.3,1333,1413
psp:person:7066,Vlastimil Hebr,https://www.psp.cz/eknih/cdrom/2025ps/eknih/2025ps/poslanci/i7066.jpg,ANO2011,ANO 2011,Plzeňský,0.987843,98.8,2194,2221
psp:person:6482,Vlastimil Válek,https://www.psp.cz/eknih/cdrom/2025ps/eknih/2025ps/poslanci/i6482.jpg,Spolu,TOP 09,Jihomoravský,0.400127,40.0,631,1577
psp:person:7017,Vojtěch Krňanský,https://www.psp.cz/eknih/cdrom/2025ps/eknih/2025ps/poslanci/i7017.jpg,Motoristé sobě,Motoristé sobě,Pardubický,0.992636,99.3,1348,1358
psp:person:6486,Vojtěch Munzar,https://www.psp.cz/eknih/cdrom/2025ps/eknih/2025ps/poslanci/i6486.jpg,Spolu,ODS,Středočeský,0.552399,55.2,875,1584
psp:person:7036,Václav Pláteník,https://www.psp.cz/eknih/cdrom/2025ps/eknih/2025ps/poslanci/i7036.jpg,Spolu,KDU-ČSL,Zlínský,0.448807,44.9,903,2012
psp:person:7053,Václav Trojan,https://www.psp.cz/eknih/cdrom/2025ps/eknih/2025ps/poslanci/i7053.jpg,ANO2011,ANO 2011,Jihomoravský,0.991421,99.1,1849,1865
psp:person:6524,Vít Rakušan,https://www.psp.cz/eknih/cdrom/2025ps/eknih/2025ps/poslanci/i6524.jpg,Starostove a nezavisli,Starostové a nezávislí,Středočeský,0.434871,43.5,641,1474
psp:person:7039,Vítězslav Schrek,https://www.psp.cz/eknih/cdrom/2025ps/eknih/2025ps/poslanci/i7039.jpg,Spolu,ODS,Vysočina,0.508008,50.8,1015,1998
psp:person:6254,Věra Adámková,https://www.psp.cz/eknih/cdrom/2025ps/eknih/2025ps/poslanci/i6254.jpg,ANO2011,ANO 2011,Hlavní město Praha,0.997578,99.8,2059,2064
psp:person:6214,Věra Kovářová,https://www.psp.cz/eknih/cdrom/2025ps/eknih/2025ps/poslanci/i6214.jpg,Starostove a nezavisli,Starostové a nezávislí,Středočeský,0.450193,45.0,818,1817
psp:person:7008,Zdena Kašparová,https://www.psp.cz/eknih/cdrom/2025ps/eknih/2025ps/poslanci/i7008.jpg,Starostove a nezavisli,Starostové a nezávislí,Olomoucký,0.440932,44.1,795,1803
psp:person:6804,Zdenka Němečková Crkvenjaš,https://www.psp.cz/eknih/cdrom/2025ps/eknih/2025ps/poslanci/i6804.jpg,Spolu,ODS,Moravskoslezský,0.486141,48.6,684,1407
psp:person:6552,Zdeněk Hřib,https://www.psp.cz/eknih/cdrom/2025ps/eknih/2025ps/poslanci/i6552.jpg,Česká pirátská strana,Piráti,Hlavní město Praha,0.432802,43.3,760,1756
psp:person:6992,Zdeňka Blišťanová,https://www.psp.cz/eknih/cdrom/2025ps/eknih/2025ps/poslanci/i6992.jpg,Spolu,TOP 09,Olomoucký,0.410005,41.0,754,1839
psp:person:6467,Zuzana Majerová,https://www.psp.cz/eknih/cdrom/2025ps/eknih/2025ps/poslanci/i6467.jpg,Svoboda a prima demokracie - Tomio Okamura,Svoboda a přímá demokracie,Zlínský,0.993029,99.3,1282,1291
psp:person:7040,Zuzana Mrázová,https://www.psp.cz/eknih/cdrom/2025ps/eknih/2025ps/poslanci/i7040.jpg,ANO2011,ANO 2011,Ústecký,0.99941,99.9,1695,1696
psp:person:6474,Zuzana Ožanová,https://www.psp.cz/eknih/cdrom/2025ps/eknih/2025ps/poslanci/i6474.jpg,ANO2011,ANO 2011,Moravskoslezský,0.993213,99.3,2195,2210
psp:person:7043,Štěpán Slovák,https://www.psp.cz/eknih/cdrom/2025ps/eknih/2025ps/poslanci/i7043.jpg,Spolu,ODS,Zlínský,0.510018,51.0,840,1647
psp:person:7020,Šárka Kučerová,https://www.psp.cz/eknih/cdrom/2025ps/eknih/2025ps/poslanci/i7020.jpg,Česká pirátská strana,Piráti,Olomoucký,,,0,0
